DistrictName,GraduationPercentageRate,DropoutPercentageRate,FundingPerStudent,TotalEnrolled,MalesEnrolled,FemalesEnrolled,Percentage of Minority Students,HouseholdIncome,FederallyFunded
YORKTOWN CSD,97.0,1.0,24424.21,3401.0,1775.0,1626.0,27.8,115881.16,No
CARMEL CSD,92.0,3.0,27298.65,3979.0,2034.0,1945.0,37.6,110606.5,No
CARTHAGE CSD,89.0,5.0,17149.15,3065.0,1602.0,1463.0,25.9,53290.64,Yes
CASSADAGA VALLEY CSD,88.0,7.0,20862.54,799.0,422.0,377.0,6.0,55387.63,""
CATO-MERIDIAN CSD,89.0,5.0,18088.09,860.0,449.0,411.0,8.1,64765.75,""
CATSKILL CSD,91.0,4.0,24088.35,1350.0,668.0,682.0,32.9,58658.83,""
CATTARAUGUS-LITTLE VALLEY CSD,93.0,4.0,19362.54,858.0,431.0,427.0,6.9,52411.0,""
CAZENOVIA CSD,94.0,2.0,17708.25,1360.0,727.0,633.0,6.0,69543.88,""
CENTER MORICHES UFSD,93.0,1.0,24593.36,1513.0,788.0,725.0,26.8,99102.0,""
CENTRAL ISLIP UFSD,88.0,1.0,21656.92,7571.0,3929.0,3642.0,96.1,101402.4,""
CENTRAL SQUARE CSD,87.0,8.0,17310.54,3580.0,1827.0,1753.0,6.1,67685.73,""
CENTRAL VALLEY CSD AT ILION-MOHAWK,87.0,5.0,15522.11,2082.0,1025.0,1057.0,9.4,"",""
CHAPPAQUA CSD,99.0,0.0,29069.23,3625.0,1870.0,1755.0,25.9,171975.0,No
CHATEAUGAY CSD,97.0,3.0,20495.72,451.0,243.0,208.0,1.3,56603.8,""
CHATHAM CSD,94.0,4.0,25024.45,971.0,491.0,480.0,13.0,80405.75,""
CHAUTAUQUA LAKE CSD,85.0,3.0,23416.94,706.0,328.0,378.0,5.1,57115.57,""
CHAZY UFSD,94.0,6.0,19209.93,455.0,234.0,221.0,5.7,63384.5,""
CHEEKTOWAGA CSD,87.0,7.0,16544.11,2138.0,1109.0,1029.0,60.4,47551.0,Yes
CHEEKTOWAGA-MARYVALE UFSD,87.0,5.0,15434.4,2087.0,1081.0,1006.0,27.8,58342.0,No
CHEEKTOWAGA-SLOAN UFSD,86.0,5.0,19755.19,1232.0,641.0,591.0,23.5,47314.75,Yes
CHENANGO FORKS CSD,93.0,0.0,18273.44,1340.0,727.0,613.0,7.8,50343.4,""
CHENANGO VALLEY CSD,91.0,5.0,18101.82,1648.0,841.0,807.0,10.7,47896.4,""
CHERRY VALLEY-SPRINGFIELD CSD,79.0,3.0,24150.04,422.0,219.0,203.0,2.1,57554.75,""
CHESTER UFSD,90.0,1.0,24039.21,986.0,489.0,497.0,53.5,101327.0,""
CHITTENANGO CSD,90.0,3.0,17253.94,1904.0,971.0,933.0,8.4,78756.5,No
CHURCHVILLE-CHILI CSD,91.0,2.0,15793.94,3751.0,1944.0,1807.0,23.1,74812.2,No
CINCINNATUS CSD,90.0,5.0,21748.43,514.0,239.0,275.0,2.3,54469.18,""
CLARENCE CSD,95.0,2.0,15613.47,4228.0,2170.0,2058.0,12.1,89974.14,No
CLARKSTOWN CSD,95.0,1.0,22878.82,7821.0,4098.0,3723.0,42.0,124982.34,No
CLEVELAND HILL UFSD,85.0,6.0,18076.74,1254.0,634.0,620.0,52.4,53987.0,""
CLIFTON-FINE CSD,77.0,0.0,28678.72,276.0,134.0,142.0,8.3,46749.0,""
CLINTON CSD,96.0,1.0,17575.94,1258.0,649.0,609.0,9.2,71630.0,""
CLYDE-SAVANNAH CSD,78.0,17.0,21555.55,754.0,385.0,369.0,15.1,53507.6,""
CLYMER CSD,93.0,0.0,21086.05,414.0,221.0,193.0,9.4,53945.6,""
COBLESKILL-RICHMONDVILLE CSD,93.0,3.0,20054.26,1639.0,878.0,761.0,10.0,57302.22,Yes
COHOES CITY SD,84.0,11.0,17770.18,1873.0,943.0,930.0,28.9,60444.0,Yes
COLD SPRING HARBOR CSD,99.0,0.0,33287.48,1635.0,838.0,797.0,13.9,140247.0,""
COLTON-PIERREPONT CSD,94.0,0.0,22481.64,339.0,169.0,170.0,0.6,56456.83,""
COMMACK UFSD,97.0,0.0,26170.47,5875.0,3018.0,2857.0,23.3,122854.0,No
CONNETQUOT CSD,95.0,2.0,28395.35,5509.0,2786.0,2723.0,26.7,108287.0,No
COOPERSTOWN CSD,99.0,1.0,19740.77,818.0,413.0,405.0,8.8,63359.0,""
COPENHAGEN CSD,100.0,0.0,18762.25,393.0,212.0,181.0,7.6,61598.0,""
COPIAGUE UFSD,89.0,7.0,18858.63,4965.0,2443.0,2522.0,87.7,99989.25,No
CORINTH CSD,86.0,6.0,15265.53,1139.0,586.0,553.0,4.8,77271.8,""
CORNING CITY SD,88.0,6.0,19702.53,4551.0,2359.0,2192.0,13.5,64176.91,Yes
CORNWALL CSD,96.0,3.0,18883.36,3102.0,1632.0,1470.0,35.5,112038.0,Yes
CORTLAND CITY SD,80.0,7.0,18587.04,2132.0,1092.0,1040.0,15.1,61464.0,No
COXSACKIE-ATHENS CSD,82.0,7.0,20955.92,1242.0,679.0,563.0,15.5,68206.25,No
CROTON-HARMON UFSD,96.0,0.0,23468.52,1584.0,820.0,764.0,28.7,111839.34,""
CROWN POINT CSD,95.0,5.0,20638.87,286.0,135.0,151.0,0.7,55082.75,""
CUBA-RUSHFORD CSD,92.0,0.0,19895.03,780.0,433.0,347.0,5.0,53610.27,""
DALTON-NUNDA CSD (KESHEQUA),98.0,0.0,20242.29,589.0,297.0,292.0,2.5,54371.88,""
DANSVILLE CSD,85.0,10.0,17846.3,1304.0,652.0,652.0,6.7,63313.45,""
DEER PARK UFSD,92.0,1.0,24053.21,3864.0,1984.0,1880.0,63.6,105121.5,""
DELAWARE ACADEMY CSD AT DELHI,90.0,0.0,20269.67,747.0,379.0,368.0,5.5,"",""
DEPEW UFSD,85.0,5.0,16749.58,1784.0,905.0,879.0,14.9,67225.34,""
DEPOSIT CSD,97.0,3.0,26448.82,458.0,242.0,216.0,3.9,51873.22,""
DERUYTER CSD,88.0,6.0,24461.18,326.0,168.0,158.0,7.4,55705.4,""
DOBBS FERRY UFSD,99.0,0.0,27547.73,1516.0,783.0,733.0,35.2,154429.5,""
DOLGEVILLE CSD,87.0,9.0,17450.78,815.0,393.0,422.0,1.5,57175.67,""
DOVER UFSD,84.0,6.0,20364.65,1351.0,691.0,660.0,38.3,79784.34,No
DOWNSVILLE CSD,85.0,8.0,36396.35,207.0,98.0,109.0,7.7,56483.17,""
DRYDEN CSD,68.0,14.0,22428.41,1364.0,699.0,665.0,15.8,62437.3,Yes
DUANESBURG CSD,98.0,2.0,18262.05,651.0,339.0,312.0,6.1,78887.5,""
DUNDEE CSD,68.0,23.0,20317.42,621.0,330.0,291.0,8.5,56795.0,""
DUNKIRK CITY SD,71.0,19.0,21073.97,1957.0,996.0,961.0,64.0,49307.5,Yes
EAST AURORA UFSD,97.0,1.0,14972.77,1758.0,902.0,856.0,5.6,83121.0,""
EAST BLOOMFIELD CSD,94.0,2.0,19459.4,816.0,420.0,396.0,8.5,75579.86,""
EAST GREENBUSH CSD,96.0,2.0,17840.81,4088.0,2049.0,2039.0,21.1,82376.89,""
EAST HAMPTON UFSD,83.0,9.0,32627.14,1712.0,852.0,860.0,62.6,118018.0,""
EAST IRONDEQUOIT CSD,90.0,6.0,21188.16,2945.0,1488.0,1457.0,55.6,51098.0,""
EAST ISLIP UFSD,95.0,2.0,27025.08,3549.0,1855.0,1694.0,27.2,114191.16,""
EAST MEADOW UFSD,95.0,0.0,24954.87,7240.0,3643.0,3597.0,51.7,119341.0,""
EAST MORICHES UFSD,95.0,0.0,20972.97,684.0,335.0,349.0,18.9,109689.5,""
EAST QUOGUE UFSD,95.0,0.0,30127.26,390.0,203.0,187.0,34.6,84058.66,""
EAST RAMAPO CSD (SPRING VALLEY),65.0,20.0,20759.17,9387.0,4909.0,4478.0,96.6,96434.0,""
EAST ROCHESTER UFSD,80.0,8.0,21751.23,957.0,488.0,469.0,27.3,90799.5,""
EAST ROCKAWAY UFSD,96.0,1.0,27495.82,1173.0,576.0,597.0,40.2,110850.0,""
EAST SYRACUSE MINOA CSD,90.0,1.0,20125.41,3138.0,1608.0,1530.0,14.9,"",""
EAST WILLISTON UFSD,99.0,0.0,29899.6,1722.0,914.0,808.0,42.4,149491.6,""
EASTCHESTER UFSD,99.0,0.0,23455.55,3232.0,1684.0,1548.0,32.9,151468.33,No
EASTPORT-SOUTH MANOR CSD,96.0,2.0,23188.7,3225.0,1646.0,1579.0,13.6,94368.22,""
EDEN CSD,88.0,3.0,17729.04,1307.0,669.0,638.0,6.6,66202.57,""
EDGEMONT UFSD,98.0,0.0,26154.46,2049.0,1061.0,988.0,54.8,152328.0,""
EDINBURG COMN SD,98.0,0.0,37016.86,53.0,26.0,27.0,3.8,58945.5,""
EDMESTON CSD,91.0,3.0,21675.32,355.0,179.0,176.0,5.4,63899.86,""
EDWARDS-KNOX CSD,83.0,5.0,20184.28,485.0,257.0,228.0,2.7,52895.5,""
ELBA CSD,80.0,16.0,21297.72,374.0,194.0,180.0,20.6,61557.75,""
ELDRED CSD,88.0,2.0,27604.29,464.0,224.0,240.0,14.4,61916.88,""
RED HOOK CSD,91.0,4.0,24227.11,1766.0,918.0,848.0,16.5,86355.88,""
MALONE CSD,87.0,4.0,20754.3,2199.0,1191.0,1008.0,3.4,58174.63,Yes
MALVERNE UFSD,92.0,3.0,28071.16,1724.0,910.0,814.0,82.0,124833.75,No
MAMARONECK UFSD,94.0,2.0,22853.8,5596.0,2917.0,2679.0,32.2,144161.5,No
MANCHESTER-SHORTSVILLE CSD (RED JACK,82.0,4.0,18766.55,763.0,404.0,359.0,11.8,"",""
MANHASSET UFSD,98.0,0.0,25655.38,3163.0,1680.0,1483.0,35.9,146793.25,Yes
MARATHON CSD,98.0,0.0,21017.92,653.0,327.0,326.0,3.4,59716.67,""
MARCELLUS CSD,92.0,3.0,19566.23,1505.0,802.0,703.0,4.9,76931.43,""
MARGARETVILLE CSD,88.0,8.0,25293.61,330.0,164.0,166.0,29.4,58460.82,""
MARION CSD,86.0,4.0,22443.32,634.0,311.0,323.0,13.2,68890.66,""
MARLBORO CSD,91.0,4.0,21764.9,1891.0,968.0,923.0,37.2,77276.4,""
MASSAPEQUA UFSD,98.0,1.0,25406.75,6713.0,3337.0,3376.0,10.6,133976.5,No
MASSENA CSD,84.0,7.0,16440.97,2475.0,1222.0,1253.0,14.3,51442.0,Yes
MATTITUCK-CUTCHOGUE UFSD,93.0,1.0,31170.72,1101.0,584.0,517.0,23.0,97980.4,""
MAYFIELD CSD,90.0,4.0,18856.31,842.0,437.0,405.0,6.2,58933.33,""
MCGRAW CSD,89.0,5.0,18417.53,527.0,256.0,271.0,4.6,59645.75,""
MECHANICVILLE CITY SD,94.0,4.0,16937.42,1346.0,717.0,629.0,11.2,75677.8,""
MEDINA CSD,84.0,8.0,18543.05,1387.0,672.0,715.0,22.6,57023.6,""
MENANDS UFSD,84.0,8.0,17152.22,305.0,162.0,143.0,74.4,87980.5,""
MERRICK UFSD,84.0,8.0,29454.36,1510.0,768.0,742.0,13.9,127506.0,""
MEXICO CSD,90.0,3.0,21774.73,1944.0,991.0,953.0,5.7,62851.0,No
MIDDLE COUNTRY CSD,91.0,4.0,22520.78,9050.0,4660.0,4390.0,40.8,109711.89,""
MIDDLEBURGH CSD,93.0,4.0,26103.54,654.0,316.0,338.0,3.2,64995.58,""
MIDDLETOWN CITY SD,83.0,9.0,19264.71,7405.0,3739.0,3666.0,87.3,86565.0,No
MILFORD CSD,88.0,4.0,24297.78,334.0,176.0,158.0,4.2,63726.29,""
MILLBROOK CSD,96.0,0.0,26186.89,880.0,451.0,429.0,22.0,83433.0,No
MILLER PLACE UFSD,97.0,1.0,24358.13,2490.0,1308.0,1182.0,14.5,119062.34,""
MINEOLA UFSD,94.0,2.0,28437.39,2790.0,1460.0,1330.0,49.2,131102.6,Yes
MINERVA CSD,40.0,20.0,41834.28,99.0,45.0,54.0,7.1,54737.5,""
MINISINK VALLEY CSD,89.0,1.0,19866.22,3493.0,1779.0,1714.0,25.9,82132.6,""
MONROE-WOODBURY CSD,91.0,4.0,21906.32,6702.0,3384.0,3318.0,52.5,106537.34,No
MONTAUK UFSD,91.0,4.0,44925.84,286.0,146.0,140.0,36.4,102266.0,""
MONTICELLO CSD,83.0,7.0,23954.2,2786.0,1424.0,1362.0,58.2,67153.53,Yes
MORAVIA CSD,84.0,9.0,18050.12,873.0,434.0,439.0,4.2,65803.16,""
MORIAH CSD,89.0,6.0,20297.03,666.0,342.0,324.0,0.8,44562.43,""
MORRIS CSD,77.0,0.0,23527.09,310.0,165.0,145.0,8.7,62279.2,""
MORRISTOWN CSD,82.0,14.0,21795.55,322.0,167.0,155.0,4.3,52118.4,""
MORRISVILLE-EATON CSD,88.0,8.0,20737.05,588.0,289.0,299.0,7.7,63390.0,""
MOUNT MARKHAM CSD,86.0,8.0,19200.39,1038.0,527.0,511.0,3.9,60102.27,""
MT MORRIS CSD,85.0,10.0,21224.05,515.0,264.0,251.0,30.3,"",""
MT PLEASANT CSD,96.0,0.0,27690.51,1902.0,993.0,909.0,20.8,"",""
MT PLEASANT-COTTAGE UFSD,9.0,27.0,27690.51,214.0,103.0,111.0,89.3,"",""
MT SINAI UFSD,97.0,1.0,22321.61,2176.0,1131.0,1045.0,17.2,"",""
MT VERNON SCHOOL DISTRICT,68.0,10.0,27660.55,7326.0,3755.0,3571.0,95.5,"",""
NANUET UFSD,94.0,1.0,25962.31,2218.0,1126.0,1092.0,53.1,107895.25,No
NAPLES CSD,87.0,4.0,17557.81,599.0,305.0,294.0,3.0,58002.86,""
NEW HARTFORD CSD,97.0,1.0,17848.92,2553.0,1308.0,1245.0,14.8,62441.13,""
NEW HYDE PARK-GARDEN CITY PARK UFSD,97.0,1.0,19533.7,1719.0,882.0,837.0,76.6,128858.0,""
NEW LEBANON CSD,92.0,5.0,9766.29,409.0,205.0,204.0,7.8,87238.22,""
NEW PALTZ CSD,94.0,3.0,25094.98,2037.0,1036.0,1001.0,24.7,69680.63,""
NEW ROCHELLE CITY SD,80.0,3.0,22932.93,10286.0,5394.0,4892.0,74.9,147819.14,""
NEW SUFFOLK COMN SD,80.0,3.0,36043.61,16.0,9.0,7.0,18.8,108972.0,""
NEWARK CSD,88.0,9.0,20106.84,1983.0,1014.0,969.0,29.7,55895.25,Yes
NEWARK VALLEY CSD,88.0,5.0,18004.61,1075.0,547.0,528.0,4.4,61204.43,""
NEWBURGH CITY SD,78.0,10.0,21654.67,10913.0,5664.0,5249.0,83.4,77814.0,Yes
NEWCOMB CSD,100.0,0.0,59290.5,68.0,39.0,29.0,5.9,44688.0,""
NEWFANE CSD,92.0,5.0,20242.16,1333.0,677.0,656.0,7.3,60037.5,No
NEWFIELD CSD,84.0,6.0,22438.23,728.0,355.0,373.0,19.5,59421.67,""
NIAGARA FALLS CITY SD,64.0,24.0,16647.7,6572.0,3240.0,3332.0,61.0,40596.25,""
NIAGARA-WHEATFIELD CSD,90.0,5.0,17860.17,3411.0,1738.0,1673.0,21.1,62356.5,Yes
NISKAYUNA CSD,94.0,1.0,15876.85,4294.0,2239.0,2055.0,31.3,85111.43,Yes
NORTH BABYLON UFSD,93.0,4.0,25157.29,4539.0,2335.0,2204.0,64.0,109923.6,""
NORTH BELLMORE UFSD,93.0,4.0,22631.36,2020.0,1014.0,1006.0,29.8,146297.33,""
NORTH COLLINS CSD,92.0,4.0,21209.35,547.0,277.0,270.0,9.1,62133.5,""
NORTH COLONIE CSD,93.0,3.0,16378.28,5887.0,2974.0,2913.0,37.1,70709.14,""
NORTH GREENBUSH COMN SD (WILLIAMS),93.0,3.0,37967.85,13.0,5.0,8.0,15.4,71087.66,""
NORTH MERRICK UFSD,93.0,3.0,25386.74,1188.0,610.0,578.0,26.9,108847.66,""
NORTH ROSE-WOLCOTT CSD,87.0,6.0,21632.65,1114.0,535.0,579.0,13.3,56033.22,""
NORTH SALEM CSD,96.0,2.0,34752.96,1046.0,523.0,523.0,25.9,122803.6,""
NORTH SHORE CSD,96.0,0.0,36171.47,2567.0,1332.0,1235.0,23.1,127171.84,""
NORTH SYRACUSE CSD,87.0,5.0,15859.19,8175.0,4198.0,3977.0,19.1,69545.27,""
NORTH TONAWANDA CITY SD,86.0,7.0,17409.1,3184.0,1593.0,1591.0,10.9,69119.0,""
NORTH WARREN CSD,92.0,5.0,22431.62,493.0,269.0,224.0,8.9,61106.25,""
NORTHEAST CSD,87.0,6.0,26227.2,626.0,333.0,293.0,30.5,73045.16,""
NORTHEASTERN CLINTON CSD,81.0,9.0,22148.23,1235.0,622.0,613.0,4.2,56574.25,""
NORTHERN ADIRONDACK CSD,86.0,9.0,25473.35,785.0,418.0,367.0,1.0,56522.17,""
NORTHPORT-EAST NORTHPORT UFSD,96.0,2.0,28285.29,5053.0,2646.0,2407.0,19.0,131766.0,""
NORTHVILLE CSD,94.0,3.0,20631.26,420.0,197.0,223.0,8.1,59445.5,""
NORWICH CITY SD,86.0,4.0,18999.6,1672.0,848.0,824.0,9.4,53188.38,No
NORWOOD-NORFOLK CSD,90.0,5.0,20364.35,943.0,473.0,470.0,3.8,54853.25,""
NY MILLS UFSD,87.0,4.0,22734.23,541.0,267.0,274.0,11.3,"",""
NYACK UFSD,91.0,5.0,24606.88,2866.0,1432.0,1434.0,57.8,124980.66,No
NYC GEOG DIST # 1 - MANHATTAN,68.0,8.0,19153.22,10473.0,5481.0,4992.0,81.6,77936.0,Yes
NYC GEOG DIST # 2 - MANHATTAN,81.0,5.0,15883.91,59568.0,28456.0,31112.0,73.4,127275.96,Yes
NYC GEOG DIST # 3 - MANHATTAN,81.0,3.0,16663.02,21132.0,9599.0,11533.0,66.5,104303.66,Yes
NYC GEOG DIST # 4 - MANHATTAN,85.0,4.0,21385.49,11510.0,5594.0,5916.0,95.0,31104.5,Yes
NYC GEOG DIST # 5 - MANHATTAN,74.0,5.0,23248.48,9332.0,4954.0,4378.0,93.6,50067.0,Yes
NYC GEOG DIST # 6 - MANHATTAN,75.0,5.0,20480.9,19124.0,9709.0,9415.0,94.4,55738.5,Yes
NYC GEOG DIST # 7 - BRONX,69.0,9.0,22088.49,16318.0,8639.0,7679.0,98.5,36670.8,Yes
HEMPSTEAD UFSD,78.0,10.0,21489.7,6825.0,3624.0,3201.0,98.5,107137.0,No
HENDRICK HUDSON CSD,94.0,1.0,28567.9,2267.0,1146.0,1121.0,44.2,105085.0,""
HERKIMER CSD,82.0,9.0,16820.51,1059.0,550.0,509.0,10.7,57833.33,""
HERMON-DEKALB CSD,91.0,6.0,21992.93,391.0,201.0,190.0,3.8,50376.5,""
HERRICKS UFSD,97.0,0.0,25834.33,4007.0,2067.0,1940.0,75.3,160936.33,No
HEUVELTON CSD,75.0,8.0,21354.54,504.0,260.0,244.0,4.0,50010.71,""
HEWLETT-WOODMERE UFSD,95.0,1.0,32708.8,2854.0,1511.0,1343.0,37.6,133385.75,No
HICKSVILLE UFSD,92.0,4.0,21799.6,5272.0,2747.0,2525.0,74.2,133881.83,No
HIGHLAND CSD,93.0,4.0,22380.21,1666.0,840.0,826.0,30.3,66984.0,""
HIGHLAND FALLS CSD,87.0,8.0,23505.03,962.0,474.0,488.0,41.9,102260.4,""
HILTON CSD,94.0,1.0,15641.88,4295.0,2219.0,2076.0,12.0,66139.14,No
HINSDALE CSD,77.0,20.0,20616.41,387.0,175.0,212.0,8.5,50180.5,""
HOLLAND CSD,95.0,2.0,18196.59,829.0,432.0,397.0,4.7,67787.78,""
HOLLAND PATENT CSD,88.0,5.0,18430.98,1298.0,679.0,619.0,1.1,72809.5,""
HOLLEY CSD,94.0,2.0,19510.21,902.0,444.0,458.0,16.2,59784.2,""
HOMER CSD,88.0,6.0,18818.88,1831.0,951.0,880.0,6.7,75074.66,No
HONEOYE CSD,94.0,0.0,23910.02,569.0,311.0,258.0,3.3,66354.88,""
HONEOYE FALLS-LIMA CSD,94.0,2.0,17749.56,2122.0,1136.0,986.0,8.1,84392.4,""
HOOSIC VALLEY CSD,92.0,3.0,18681.68,931.0,486.0,445.0,4.2,79609.84,""
HOOSICK FALLS CSD,90.0,3.0,18103.91,1064.0,548.0,516.0,8.1,71795.4,""
HORNELL CITY SD,86.0,4.0,18297.48,1528.0,754.0,774.0,14.8,47783.0,No
HORSEHEADS CSD,92.0,3.0,16537.38,3842.0,1956.0,1886.0,13.2,60256.23,Yes
HUDSON CITY SD,80.0,7.0,24261.33,1617.0,810.0,807.0,60.0,65495.17,No
HUDSON FALLS CSD,79.0,13.0,14076.68,2259.0,1137.0,1122.0,10.2,64791.0,""
HUNTER-TANNERSVILLE CSD,85.0,4.0,30553.49,331.0,150.0,181.0,19.0,69565.5,""
HUNTINGTON UFSD,90.0,2.0,23794.52,4459.0,2307.0,2152.0,65.3,131281.5,No
HYDE PARK CSD,88.0,6.0,23435.59,3396.0,1735.0,1661.0,40.6,81705.0,""
INDIAN LAKE CSD,89.0,0.0,43135.85,100.0,45.0,55.0,7.0,59063.0,""
INDIAN RIVER CSD,87.0,7.0,19354.3,3543.0,1772.0,1771.0,34.3,53606.0,""
IROQUOIS CSD,98.0,1.0,20509.11,2127.0,1078.0,1049.0,5.4,76619.73,No
IRVINGTON UFSD,92.0,0.0,29339.93,1776.0,936.0,840.0,31.7,131104.0,No
ISLAND PARK UFSD,92.0,0.0,32114.61,683.0,341.0,342.0,48.0,103508.0,""
ISLAND TREES UFSD,95.0,2.0,24009.41,2238.0,1139.0,1099.0,37.0,125811.66,""
ISLIP UFSD,97.0,3.0,26255.56,2726.0,1347.0,1379.0,43.0,95089.0,No
ITHACA CITY SD,87.0,3.0,20297.74,5052.0,2578.0,2474.0,35.8,62676.5,No
JAMESTOWN CITY SD,74.0,14.0,15641.5,4479.0,2304.0,2175.0,38.3,42558.0,No
JAMESVILLE-DEWITT CSD,94.0,2.0,18413.64,2693.0,1404.0,1289.0,26.6,76430.0,No
JASPER-TROUPSBURG CSD,90.0,5.0,26007.34,401.0,216.0,185.0,2.2,52934.13,""
JEFFERSON CSD,92.0,4.0,26743.1,196.0,100.0,96.0,4.6,53163.67,""
JERICHO UFSD,96.0,0.0,33337.94,3159.0,1692.0,1467.0,70.5,152512.58,No
JOHNSBURG CSD,89.0,11.0,27133.01,301.0,157.0,144.0,3.7,57142.71,""
JOHNSON CITY CSD,90.0,5.0,18386.55,2347.0,1187.0,1160.0,44.0,48683.25,""
JOHNSTOWN CITY SD,88.0,3.0,15993.37,1501.0,800.0,701.0,8.2,53323.0,No
JORDAN-ELBRIDGE CSD,94.0,5.0,18668.5,1112.0,585.0,527.0,5.4,70367.38,""
KATONAH-LEWISBORO UFSD,94.0,1.0,32363.39,2915.0,1501.0,1414.0,20.9,161824.5,No
KEENE CSD,92.0,8.0,34485.18,157.0,75.0,82.0,8.3,73752.5,""
KENDALL CSD,98.0,0.0,18527.39,684.0,356.0,328.0,10.1,60086.67,""
KENMORE-TONAWANDA UFSD,88.0,5.0,19948.14,6648.0,3363.0,3285.0,26.4,54324.25,No
KINDERHOOK CSD,96.0,0.0,20073.39,1683.0,858.0,825.0,15.5,"",Yes
KINGS PARK CSD,97.0,0.0,25791.61,2886.0,1440.0,1446.0,16.0,123713.0,""
KINGSTON CITY SD,87.0,8.0,22986.93,6308.0,3166.0,3142.0,48.6,75186.29,Yes
LA FARGEVILLE CSD,95.0,5.0,17047.91,495.0,246.0,249.0,6.7,56007.71,""
LACKAWANNA CITY SD,82.0,14.0,17378.83,1790.0,937.0,853.0,35.7,48455.0,Yes
LAFAYETTE CSD,94.0,0.0,25122.89,792.0,401.0,391.0,40.3,68715.4,""
LAKE GEORGE CSD,96.0,2.0,28540.5,722.0,360.0,362.0,8.2,81180.8,""
LAKE PLACID CSD,88.0,2.0,26784.06,569.0,271.0,298.0,6.3,61918.0,""
LAKE PLEASANT CSD,88.0,2.0,47512.33,65.0,33.0,32.0,1.5,75714.5,""
LAKELAND CSD,92.0,1.0,24687.8,5510.0,2787.0,2723.0,36.9,119432.4,Yes
LANCASTER CSD,95.0,0.0,14140.1,5631.0,2874.0,2757.0,8.6,68643.5,Yes
LANSING CSD,90.0,1.0,21726.47,1187.0,602.0,585.0,19.8,69399.6,""
LANSINGBURGH CSD,85.0,9.0,18039.45,2110.0,1134.0,976.0,43.8,57325.0,No
LAURENS CSD,84.0,8.0,23669.72,301.0,141.0,160.0,11.6,56726.6,""
LAWRENCE UFSD,78.0,11.0,27720.33,2446.0,1289.0,1157.0,87.4,109532.43,Yes
LE ROY CSD,90.0,5.0,16863.6,1176.0,583.0,593.0,8.2,67910.25,""
LETCHWORTH CSD,94.0,0.0,17015.69,893.0,464.0,429.0,4.0,54844.2,""
LEVITTOWN UFSD,94.0,1.0,26952.8,7102.0,3635.0,3467.0,36.4,136470.67,No
LEWISTON-PORTER CSD,92.0,4.0,18690.08,1920.0,1004.0,916.0,9.2,61757.5,Yes
LIBERTY CSD,77.0,14.0,23182.34,1694.0,876.0,818.0,58.3,57930.54,""
LINDENHURST UFSD,91.0,4.0,23636.09,5674.0,2882.0,2792.0,34.9,99576.0,No
LISBON CSD,92.0,0.0,20676.12,559.0,282.0,277.0,2.5,55901.5,""
LITTLE FALLS CITY SD,79.0,17.0,19877.83,1073.0,546.0,527.0,10.0,54676.25,""
LITTLE FLOWER UFSD,79.0,17.0,19877.83,97.0,64.0,33.0,50.5,"",""
LIVERPOOL CSD,84.0,5.0,18169.54,6927.0,3478.0,3449.0,28.7,70631.34,No
LIVINGSTON MANOR CSD,74.0,10.0,30012.19,410.0,191.0,219.0,20.5,63833.2,""
LIVONIA CSD,98.0,1.0,19693.89,1449.0,767.0,682.0,5.9,66544.78,""
LOCKPORT CITY SD,89.0,2.0,18128.21,4328.0,2206.0,2122.0,29.5,60823.0,No
LOCUST VALLEY CSD,97.0,0.0,37089.06,2012.0,1028.0,984.0,26.8,123948.43,""
LONG BEACH CITY SD,97.0,1.0,31355.75,3613.0,1879.0,1734.0,41.9,112522.0,""
LONG LAKE CSD,97.0,1.0,52830.45,59.0,32.0,27.0,5.1,52795.5,""
LONGWOOD CSD,89.0,5.0,21996.25,9042.0,4626.0,4416.0,54.6,98875.11,Yes
LOWVILLE ACADEMY & CSD,92.0,5.0,16364.3,1283.0,653.0,630.0,6.4,"",""
LYME CSD,95.0,5.0,19158.07,331.0,157.0,174.0,6.9,62542.2,""
LYNBROOK UFSD,97.0,1.0,26396.92,2787.0,1422.0,1365.0,32.9,115458.25,No
LYNCOURT UFSD,97.0,1.0,20346.46,373.0,196.0,177.0,47.5,44606.5,""
LYNDONVILLE CSD,96.0,4.0,20760.99,586.0,296.0,290.0,12.1,54853.2,""
LYONS CSD,74.0,14.0,25724.35,833.0,434.0,399.0,25.5,53364.0,""
MADISON CSD,94.0,3.0,18344.65,454.0,212.0,242.0,1.8,61093.67,""
MADRID-WADDINGTON CSD,93.0,2.0,19452.88,655.0,331.0,324.0,3.5,60148.89,""
MAHOPAC CSD,94.0,2.0,26934.25,3972.0,2029.0,1943.0,28.5,110562.0,No
NYC GEOG DIST # 9 - BRONX,74.0,9.0,16657.58,29653.0,14989.0,14664.0,98.7,32099.75,Yes
NYC GEOG DIST #10 - BRONX,80.0,7.0,12481.32,49381.0,25187.0,24194.0,94.1,47554.0,Yes
NYC GEOG DIST #11 - BRONX,75.0,8.0,25800.4,35438.0,18643.0,16795.0,91.1,59079.6,Yes
NYC GEOG DIST #12 - BRONX,63.0,12.0,32295.45,19427.0,10007.0,9420.0,98.6,36342.33,Yes
NYC GEOG DIST #13 - BROOKLYN,90.0,2.0,19602.79,19994.0,10672.0,9322.0,82.8,100631.6,Yes
NYC GEOG DIST #14 - BROOKLYN,82.0,5.0,19598.09,16583.0,8684.0,7899.0,85.1,70139.6,Yes
NYC GEOG DIST #15 - BROOKLYN,71.0,5.0,10713.72,29846.0,14881.0,14965.0,69.9,95562.13,Yes
NYC GEOG DIST #16 - BROOKLYN,60.0,5.0,99467.82,5425.0,2891.0,2534.0,97.3,54048.0,Yes
NYC GEOG DIST #17 - BROOKLYN,74.0,6.0,7107.89,19019.0,9361.0,9658.0,96.9,62593.0,Yes
NYC GEOG DIST #18 - BROOKLYN,67.0,6.0,29553.45,12417.0,6499.0,5918.0,96.6,53702.33,Yes
NYC GEOG DIST #19 - BROOKLYN,79.0,6.0,13050.93,19389.0,10230.0,9159.0,97.9,39264.33,Yes
NYC GEOG DIST #20 - BROOKLYN,76.0,7.0,7898.3,49535.0,25915.0,23620.0,75.5,63385.71,Yes
NYC GEOG DIST #21 - BROOKLYN,77.0,6.0,23130.43,33868.0,17379.0,16489.0,67.6,53230.83,Yes
NYC GEOG DIST #22 - BROOKLYN,85.0,3.0,18016.75,31931.0,16127.0,15804.0,67.4,67778.14,Yes
NYC GEOG DIST #23 - BROOKLYN,52.0,12.0,69436.09,7714.0,4315.0,3399.0,98.7,38831.5,Yes
NYC GEOG DIST #24 - QUEENS,80.0,5.0,3298.42,54124.0,28429.0,25695.0,86.8,73961.0,Yes
NYC GEOG DIST #25 - QUEENS,76.0,5.0,24935.11,35583.0,18163.0,17420.0,88.7,67681.3,Yes
NYC GEOG DIST #26 - QUEENS,92.0,3.0,18512.76,30802.0,15826.0,14976.0,84.7,89223.34,Yes
NYC GEOG DIST #27 - QUEENS,76.0,10.0,10746.29,40675.0,21347.0,19328.0,90.0,74852.77,Yes
NYC GEOG DIST #28 - QUEENS,84.0,5.0,18696.88,38378.0,19482.0,18896.0,84.4,72971.66,Yes
NYC GEOG DIST #29 - QUEENS,77.0,6.0,24254.97,23776.0,12395.0,11381.0,98.2,80180.09,Yes
NYC GEOG DIST #30 - QUEENS,86.0,4.0,10918.49,36697.0,18539.0,18158.0,83.4,72604.27,Yes
NYC GEOG DIST #31 - STATEN ISLAND,84.0,4.0,10232.77,57787.0,29605.0,28182.0,55.6,86134.59,Yes
NYC GEOG DIST #32 - BROOKLYN,75.0,8.0,111293.33,9850.0,5045.0,4805.0,97.6,52066.0,Yes
NYC SPEC SCHOOLS - DIST 75,75.0,8.0,8148.78,25358.0,18632.0,6726.0,87.3,"",Yes
OAKFIELD-ALABAMA CSD,85.0,3.0,18394.15,772.0,379.0,393.0,6.7,60528.5,""
OCEANSIDE UFSD,94.0,0.0,22535.44,5506.0,2852.0,2654.0,29.4,115829.34,No
ODESSA-MONTOUR CSD,93.0,4.0,18234.83,723.0,379.0,344.0,6.6,57681.67,""
OGDENSBURG CITY SD,80.0,12.0,22365.24,1475.0,763.0,712.0,2.0,53915.0,""
OLEAN CITY SD,74.0,10.0,18698.78,1925.0,1008.0,917.0,18.6,47782.0,Yes
ONEIDA CITY SD,85.0,9.0,18768.6,1857.0,923.0,934.0,11.6,63358.38,Yes
ONEONTA CITY SD,84.0,7.0,17884.13,1734.0,885.0,849.0,21.6,53729.0,Yes
ONONDAGA CSD,90.0,6.0,19020.04,768.0,369.0,399.0,27.3,71562.84,""
ONTEORA CSD,87.0,4.0,38615.96,1201.0,597.0,604.0,25.3,68467.15,No
OPPENHEIM-EPHRATAH-ST. JOHNSVILLE CS,85.0,9.0,21080.92,689.0,335.0,354.0,3.0,"",""
ORCHARD PARK CSD,97.0,0.0,18291.68,4649.0,2318.0,2331.0,7.4,73334.75,""
ORISKANY CSD,92.0,2.0,20301.77,569.0,294.0,275.0,8.1,69966.75,""
OSSINING UFSD,80.0,2.0,22422.6,4774.0,2464.0,2310.0,79.6,127406.34,No
OSWEGO CITY SD,81.0,8.0,19998.39,3626.0,1870.0,1756.0,10.3,58733.33,No
OTEGO-UNADILLA CSD,87.0,5.0,21458.71,716.0,338.0,378.0,11.9,57785.5,Yes
OTSELIC VALLEY CSD,94.0,3.0,27026.81,291.0,142.0,149.0,1.7,"",""
OWEGO-APALACHIN CSD,92.0,3.0,18179.7,1922.0,990.0,932.0,5.0,64451.57,Yes
OXFORD ACADEMY & CSD,95.0,2.0,22363.77,706.0,349.0,357.0,7.8,"",""
OYSTER BAY-EAST NORWICH CSD,95.0,3.0,31106.27,1528.0,776.0,752.0,36.9,127665.66,""
OYSTERPONDS UFSD,95.0,3.0,39628.6,65.0,29.0,36.0,30.8,79892.5,""
PALMYRA-MACEDON CSD,91.0,7.0,18477.61,1789.0,927.0,862.0,7.4,75147.0,No
PANAMA CSD,100.0,0.0,21679.03,436.0,223.0,213.0,5.5,56309.75,""
PARISHVILLE-HOPKINTON CSD,97.0,0.0,25102.89,365.0,187.0,178.0,1.1,52445.83,""
PATCHOGUE-MEDFORD UFSD,86.0,4.0,22688.05,7349.0,3796.0,3553.0,56.0,104073.75,Yes
PAVILION CSD,83.0,11.0,21512.28,638.0,332.0,306.0,5.2,63204.1,""
PAWLING CSD,93.0,0.0,28302.88,1114.0,571.0,543.0,29.4,106711.66,""
PEARL RIVER UFSD,96.0,1.0,23852.0,2361.0,1207.0,1154.0,23.1,133580.0,""
PEEKSKILL CITY SD,80.0,8.0,22977.07,3352.0,1791.0,1561.0,93.1,98254.5,No
PELHAM UFSD,98.0,0.0,22511.94,2913.0,1515.0,1398.0,34.7,107724.66,No
PEMBROKE CSD,92.0,2.0,21102.75,910.0,435.0,475.0,6.5,64466.6,""
PENFIELD CSD,97.0,1.0,16744.56,4587.0,2333.0,2254.0,17.6,76003.14,No
PENN YAN CSD,87.0,8.0,22166.64,1312.0,640.0,672.0,7.5,56688.57,""
PERRY CSD,92.0,3.0,18437.89,772.0,389.0,383.0,9.8,58877.45,""
PERU CSD,89.0,7.0,21325.68,1822.0,948.0,874.0,5.8,64691.14,""
PHELPS-CLIFTON SPRINGS CSD,85.0,11.0,18223.93,1549.0,809.0,740.0,10.5,61560.67,""
PHOENIX CSD,87.0,8.0,21337.44,1644.0,839.0,805.0,5.2,70405.66,""
PINE BUSH CSD,91.0,4.0,20058.09,4925.0,2563.0,2362.0,30.7,91832.3,""
PINE PLAINS CSD,89.0,5.0,28458.63,855.0,425.0,430.0,21.6,77546.2,""
PINE VALLEY CSD (SOUTH DAYTON),66.0,15.0,24415.35,485.0,243.0,242.0,9.7,52078.75,""
PITTSFORD CSD,98.0,0.0,19861.85,5588.0,2876.0,2712.0,26.9,90935.43,No
PLAINEDGE UFSD,95.0,0.0,26342.58,2823.0,1454.0,1369.0,13.8,125001.0,No
PLAINVIEW-OLD BETHPAGE CSD,96.0,0.0,26869.5,4955.0,2547.0,2408.0,33.7,150691.0,""
PLATTSBURGH CITY SD,84.0,8.0,21291.56,1800.0,935.0,865.0,14.2,63237.0,Yes
PLEASANTVILLE UFSD,93.0,1.0,25303.29,1695.0,877.0,818.0,24.3,156774.0,""
POCANTICO HILLS CSD,93.0,1.0,53858.3,285.0,137.0,148.0,61.4,126171.84,""
POLAND CSD,93.0,7.0,23870.17,487.0,242.0,245.0,7.0,66199.25,""
PORT BYRON CSD,86.0,4.0,23478.26,728.0,356.0,372.0,5.5,58286.57,""
PORT CHESTER-RYE UFSD,82.0,5.0,17876.84,4775.0,2502.0,2273.0,87.4,147261.5,""
PORT JEFFERSON UFSD,96.0,1.0,35628.81,1022.0,526.0,496.0,23.9,133935.33,""
PORT JERVIS CITY SD,86.0,6.0,25319.9,2444.0,1245.0,1199.0,34.2,71534.5,""
PORT WASHINGTON UFSD,93.0,2.0,25331.03,5364.0,2749.0,2615.0,37.0,131163.0,""
PORTVILLE CSD,95.0,3.0,14307.29,986.0,469.0,517.0,6.6,49672.6,""
POTSDAM CSD,95.0,3.0,20234.62,1234.0,667.0,567.0,8.9,61014.0,""
POUGHKEEPSIE CITY SD,60.0,19.0,21427.37,4154.0,2184.0,1970.0,93.7,68081.0,No
PRATTSBURGH CSD,84.0,4.0,18240.82,360.0,179.0,181.0,8.1,49466.17,""
PULASKI CSD,87.0,4.0,20825.86,924.0,465.0,459.0,3.8,57120.5,""
PUTNAM CSD,87.0,4.0,23009.37,28.0,19.0,9.0,0.0,68670.0,""
PUTNAM VALLEY CSD,97.0,1.0,26817.67,1598.0,808.0,790.0,31.5,117689.0,""
QUEENSBURY UFSD,90.0,3.0,16548.22,3135.0,1622.0,1513.0,7.0,62680.75,No
QUOGUE UFSD,90.0,3.0,69868.4,77.0,38.0,39.0,23.4,104077.66,""
RANDOLPH ACAD UFSD,90.0,3.0,69868.4,164.0,118.0,46.0,37.2,"",""
RANDOLPH CSD,99.0,0.0,18397.12,846.0,421.0,425.0,11.0,47460.38,""
RAVENA-COEYMANS-SELKIRK CSD,88.0,6.0,18848.63,1768.0,895.0,873.0,19.1,78473.91,No
RED CREEK CSD,88.0,10.0,21345.38,783.0,424.0,359.0,5.0,54821.5,""
ELLENVILLE CSD,81.0,11.0,26476.75,1516.0,751.0,765.0,53.8,67510.27,""
ELLICOTTVILLE CSD,92.0,3.0,17000.21,568.0,295.0,273.0,8.5,55898.0,""
ELMIRA CITY SD,73.0,16.0,18365.57,5544.0,2848.0,2696.0,28.6,55970.0,Yes
ELMIRA HEIGHTS CSD,88.0,6.0,17766.08,1018.0,503.0,515.0,12.8,55534.75,""
ELMONT UFSD,88.0,6.0,21485.41,3324.0,1690.0,1634.0,95.1,127021.16,No
ELMSFORD UFSD,89.0,1.0,28619.63,967.0,494.0,473.0,91.9,127944.5,""
ELWOOD UFSD,98.0,1.0,25149.52,2049.0,1031.0,1018.0,37.1,131034.0,No
EVANS-BRANT CSD (LAKE SHORE),90.0,6.0,21444.49,2179.0,1124.0,1055.0,22.8,57504.43,""
FABIUS-POMPEY CSD,92.0,0.0,23378.61,611.0,302.0,309.0,5.6,76135.66,""
FAIRPORT CSD,94.0,2.0,18288.31,5683.0,2932.0,2751.0,14.9,89395.4,No
FALCONER CSD,90.0,5.0,15754.62,1119.0,574.0,545.0,6.0,50546.29,""
FALLSBURG CSD,79.0,8.0,8070.27,1410.0,688.0,722.0,71.5,55982.81,""
FARMINGDALE UFSD,95.0,3.0,26389.39,5521.0,2882.0,2639.0,41.0,114446.16,Yes
FAYETTEVILLE-MANLIUS CSD,96.0,0.0,17546.6,4203.0,2114.0,2089.0,19.8,85551.29,No
FILLMORE CSD,96.0,2.0,16259.19,639.0,320.0,319.0,4.2,52211.4,""
FIRE ISLAND UFSD,96.0,2.0,117584.61,30.0,14.0,16.0,26.7,109138.0,""
FISHERS ISLAND UFSD,90.0,0.0,53804.95,61.0,26.0,35.0,14.8,46250.0,""
FLORAL PARK-BELLEROSE UFSD,90.0,0.0,17858.44,1472.0,750.0,722.0,41.8,124949.0,""
FLORIDA UFSD,97.0,1.0,24475.23,789.0,399.0,390.0,39.4,102833.25,""
FONDA-FULTONVILLE CSD,92.0,6.0,17693.4,1245.0,635.0,610.0,7.1,61968.45,""
FORESTVILLE CSD,90.0,4.0,19092.34,433.0,212.0,221.0,14.1,54393.71,""
FORT ANN CSD,81.0,8.0,23523.79,421.0,244.0,177.0,6.9,76262.0,""
FORT EDWARD UFSD,74.0,21.0,22672.08,444.0,224.0,220.0,8.8,63169.0,""
FORT PLAIN CSD,86.0,2.0,20887.78,769.0,401.0,368.0,12.9,50001.0,""
FRANKFORT-SCHUYLER CSD,90.0,1.0,17334.49,893.0,457.0,436.0,6.8,56040.0,""
FRANKLIN CSD,100.0,0.0,24410.51,244.0,114.0,130.0,9.8,50803.86,""
FRANKLIN SQUARE UFSD,100.0,0.0,16757.04,1832.0,953.0,879.0,41.8,128777.5,""
FRANKLINVILLE CSD,83.0,6.0,25123.2,594.0,293.0,301.0,7.9,53930.13,""
FREDONIA CSD,96.0,2.0,17255.21,1418.0,730.0,688.0,20.7,51986.5,""
FREEPORT UFSD,86.0,2.0,21484.73,6765.0,3582.0,3183.0,94.5,118306.25,No
FREWSBURG CSD,94.0,2.0,17462.27,777.0,378.0,399.0,6.0,49021.5,""
FRIENDSHIP CSD,78.0,9.0,29150.45,304.0,153.0,151.0,9.2,47778.0,""
FRONTIER CSD,91.0,3.0,14894.51,4612.0,2356.0,2256.0,11.8,74888.25,Yes
FULTON CITY SD,84.0,10.0,19719.91,3200.0,1659.0,1541.0,10.3,60755.75,No
GALWAY CSD,87.0,6.0,18867.04,800.0,392.0,408.0,1.1,76572.38,""
GANANDA CSD,90.0,5.0,18478.74,893.0,440.0,453.0,15.2,81453.0,""
GARDEN CITY UFSD,98.0,0.0,23500.03,3939.0,1964.0,1975.0,16.0,135299.67,""
GARRISON UFSD,98.0,0.0,36524.49,207.0,109.0,98.0,27.5,122279.5,""
GATES CHILI CSD,86.0,4.0,19847.69,3698.0,1833.0,1865.0,43.8,"",""
GENERAL BROWN CSD,93.0,4.0,13567.3,1388.0,711.0,677.0,6.0,62807.6,""
GENESEE VALLEY CSD,90.0,8.0,23997.0,478.0,243.0,235.0,5.0,53666.63,""
GENESEO CSD,93.0,3.0,18482.09,855.0,444.0,411.0,17.5,59282.2,""
GENEVA CITY SD,88.0,9.0,20180.79,1996.0,988.0,1008.0,57.1,58524.25,No
GEORGE JUNIOR REPUBLIC UFSD,41.0,53.0,20180.79,190.0,163.0,27.0,26.8,"",""
GERMANTOWN CSD,93.0,7.0,5403.88,485.0,263.0,222.0,14.0,70628.0,""
GILBERTSVILLE-MOUNT UPTON CSD,92.0,3.0,23117.52,338.0,164.0,174.0,3.8,54588.63,""
GILBOA-CONESVILLE CSD,100.0,0.0,26541.08,294.0,167.0,127.0,4.8,56186.08,""
GLEN COVE CITY SD,87.0,4.0,22819.95,3163.0,1613.0,1550.0,75.5,114053.5,""
GLENS FALLS CITY SD,84.0,8.0,17131.9,2022.0,1042.0,980.0,14.4,66618.0,""
GLENS FALLS COMN SD,84.0,8.0,23169.56,157.0,72.0,85.0,19.7,66618.0,""
GLOVERSVILLE CITY SD,68.0,17.0,18618.2,2554.0,1310.0,1244.0,20.0,53646.4,Yes
GORHAM-MIDDLESEX CSD (MARCUS WHITMAN,87.0,4.0,19833.28,1119.0,582.0,537.0,3.2,"",""
GOSHEN CSD,96.0,0.0,22102.68,2885.0,1458.0,1427.0,22.4,95000.0,No
GOUVERNEUR CSD,84.0,9.0,18367.44,1461.0,739.0,722.0,3.9,52115.0,""
GOWANDA CSD,82.0,14.0,24073.62,1063.0,511.0,552.0,35.7,53409.29,""
GRAND ISLAND CSD,95.0,2.0,17396.91,2869.0,1462.0,1407.0,15.2,90386.0,""
GRANVILLE CSD,79.0,11.0,18308.97,1020.0,545.0,475.0,5.3,56732.75,""
GREAT NECK UFSD,93.0,2.0,28782.39,6586.0,3466.0,3120.0,56.0,140796.17,""
GREECE CSD,93.0,0.0,16901.72,10504.0,5322.0,5182.0,42.1,56750.0,No
GREEN ISLAND UFSD,86.0,11.0,23487.08,263.0,117.0,146.0,19.0,49862.0,""
GREENBURGH CSD,93.0,0.0,34414.7,1581.0,803.0,778.0,87.9,124601.66,No
GREENBURGH ELEVEN UFSD,22.0,33.0,34414.7,71.0,71.0,0.0,95.8,"",""
GREENE CSD,89.0,6.0,20546.04,924.0,479.0,445.0,5.3,51063.71,No
GREENPORT UFSD,75.0,20.0,24403.49,660.0,351.0,309.0,72.7,79762.34,""
GREENVILLE CSD,87.0,3.0,23538.21,1126.0,573.0,553.0,4.4,75317.47,""
GREENWICH CSD,91.0,1.0,18651.65,945.0,496.0,449.0,5.1,77175.88,""
GREENWOOD LAKE UFSD,91.0,1.0,33865.79,474.0,236.0,238.0,35.2,92963.34,""
GROTON CSD,90.0,3.0,19387.04,778.0,387.0,391.0,8.9,65364.75,""
GUILDERLAND CSD,94.0,2.0,17693.96,4841.0,2451.0,2390.0,26.5,75045.11,Yes
HADLEY-LUZERNE CSD,89.0,7.0,25299.07,640.0,350.0,290.0,4.4,62414.71,""
HALDANE CSD,93.0,3.0,25957.28,796.0,423.0,373.0,17.2,104061.0,""
HALF HOLLOW HILLS CSD,95.0,1.0,27791.97,7676.0,3950.0,3726.0,47.2,117510.14,""
HAMBURG CSD,92.0,3.0,17076.46,3321.0,1649.0,1672.0,7.0,79445.84,No
HAMILTON CSD,90.0,5.0,20603.59,554.0,303.0,251.0,8.7,56966.83,""
HAMMOND CSD,74.0,16.0,26123.36,242.0,124.0,118.0,1.2,58918.5,""
HAMMONDSPORT CSD,76.0,11.0,27744.76,395.0,196.0,199.0,7.3,51205.75,""
HAMPTON BAYS UFSD,91.0,6.0,21642.94,2006.0,1048.0,958.0,63.1,92699.75,""
HANCOCK CSD,97.0,3.0,29004.88,308.0,159.0,149.0,9.4,54114.0,""
HANNIBAL CSD,82.0,10.0,19515.27,1236.0,649.0,587.0,4.0,54135.2,""
HARBORFIELDS CSD,95.0,1.0,24499.74,2965.0,1510.0,1455.0,28.1,135911.0,No
HARPURSVILLE CSD,84.0,3.0,21205.12,641.0,365.0,276.0,4.7,56108.57,""
HARRISON CSD,98.0,1.0,28893.27,3653.0,1820.0,1833.0,35.2,137353.5,No
HARRISVILLE CSD,91.0,9.0,25442.94,340.0,175.0,165.0,5.6,50445.0,""
HARTFORD CSD,83.0,7.0,21509.8,410.0,230.0,180.0,6.3,57991.86,""
HASTINGS-ON-HUDSON UFSD,96.0,1.0,27795.13,1656.0,840.0,816.0,28.5,137899.0,""
HAUPPAUGE UFSD,95.0,0.0,28953.45,3272.0,1725.0,1547.0,27.8,111789.0,No
HAVERSTRAW-STONY POINT CSD (NORTH RO,86.0,6.0,22215.24,7886.0,4031.0,3855.0,77.5,"",""
HAWTHORNE-CEDAR KNOLLS UFSD,30.0,10.0,22215.24,207.0,133.0,74.0,90.3,"",""
NYC GEOG DIST # 8 - BRONX,66.0,13.0,17445.73,24613.0,12660.0,11953.0,94.4,44250.0,""
REMSEN CSD,87.0,0.0,26257.19,405.0,216.0,189.0,3.5,71187.4,""
REMSENBURG-SPEONK UFSD,87.0,0.0,58547.76,132.0,66.0,66.0,27.3,106765.34,""
RENSSELAER CITY SD,84.0,5.0,17978.0,1028.0,524.0,504.0,44.6,77000.0,""
RHINEBECK CSD,93.0,1.0,30026.67,944.0,466.0,478.0,16.9,89250.5,""
RICHFIELD SPRINGS CSD,92.0,8.0,24034.39,402.0,223.0,179.0,5.5,57788.71,""
RIPLEY CSD,92.0,8.0,33327.7,123.0,61.0,62.0,4.9,43987.0,""
RIVERHEAD CSD,76.0,13.0,18810.89,5829.0,3028.0,2801.0,67.0,82145.0,No
ROCHESTER CITY SD,68.0,13.0,19885.5,25017.0,12904.0,12113.0,90.4,53004.43,No
ROCKVILLE CENTRE UFSD,98.0,0.0,29490.95,3579.0,1855.0,1724.0,26.5,107137.0,""
ROCKY POINT UFSD,95.0,4.0,24991.0,2905.0,1441.0,1464.0,22.1,119852.75,""
ROME CITY SD,82.0,8.0,17823.87,5320.0,2736.0,2584.0,21.0,64102.13,No
ROMULUS CSD,82.0,6.0,20890.39,434.0,210.0,224.0,11.1,55966.8,""
RONDOUT VALLEY CSD,88.0,8.0,28695.99,1869.0,978.0,891.0,15.9,71359.3,""
ROOSEVELT UFSD,75.0,16.0,20300.43,3346.0,1780.0,1566.0,99.9,112783.25,Yes
ROSCOE CSD,89.0,0.0,30693.78,220.0,120.0,100.0,13.6,55007.25,""
ROSLYN UFSD,99.0,1.0,29181.7,3195.0,1622.0,1573.0,32.2,165746.0,No
ROTTERDAM-MOHONASEN CSD,91.0,3.0,15118.77,2798.0,1418.0,1380.0,23.9,63371.0,Yes
ROXBURY CSD,86.0,0.0,34739.37,239.0,112.0,127.0,4.2,60713.0,""
ROYALTON-HARTLAND CSD,92.0,6.0,16056.73,1206.0,587.0,619.0,8.7,68789.0,""
RUSH-HENRIETTA CSD,92.0,3.0,19635.2,5387.0,2725.0,2662.0,42.6,85732.0,No
RYE CITY SD,96.0,0.0,25422.18,3234.0,1670.0,1564.0,20.6,140148.33,No
RYE NECK UFSD,93.0,1.0,22836.77,1572.0,809.0,763.0,37.5,146139.0,""
SACHEM CSD,94.0,2.0,20861.5,12351.0,6266.0,6085.0,30.0,108960.84,No
SACKETS HARBOR CSD,90.0,5.0,18003.63,418.0,204.0,214.0,10.8,62790.8,""
SAG HARBOR UFSD,89.0,3.0,38192.07,919.0,461.0,458.0,27.7,98489.0,""
SAGAPONACK COMN SD,89.0,3.0,55333.31,16.0,9.0,7.0,6.2,90326.0,""
SALAMANCA CITY SD,79.0,3.0,24617.42,1213.0,628.0,585.0,50.5,45555.17,""
SALEM CSD,78.0,12.0,19489.37,524.0,286.0,238.0,5.3,66846.84,""
SALMON RIVER CSD,85.0,6.0,26274.61,1389.0,703.0,686.0,67.7,48057.55,""
SANDY CREEK CSD,90.0,3.0,25117.81,742.0,396.0,346.0,4.6,57632.45,""
SARANAC CSD,90.0,7.0,22036.63,1395.0,714.0,681.0,3.6,62700.29,Yes
SARANAC LAKE CSD,93.0,4.0,24587.99,1150.0,602.0,548.0,2.8,63221.08,""
SARATOGA SPRINGS CITY SD,92.0,4.0,17059.93,6248.0,3164.0,3084.0,11.8,84608.25,""
SAUGERTIES CSD,84.0,10.0,21994.66,2449.0,1205.0,1244.0,24.6,57250.5,No
SAUQUOIT VALLEY CSD,93.0,3.0,17140.41,943.0,463.0,480.0,7.6,67379.88,""
SAYVILLE UFSD,97.0,0.0,27033.14,2822.0,1445.0,1377.0,12.9,116648.0,No
SCARSDALE UFSD,98.0,1.0,28842.09,4749.0,2450.0,2299.0,36.4,151912.0,No
SCHALMONT CSD,90.0,4.0,18953.56,1799.0,940.0,859.0,14.7,77453.13,""
SCHENECTADY CITY SD,74.0,11.0,18266.0,9243.0,4779.0,4464.0,79.6,59576.0,Yes
SCHENEVUS CSD,81.0,9.0,21163.27,330.0,177.0,153.0,5.8,60163.83,""
SCHODACK CSD,97.0,0.0,21104.26,900.0,465.0,435.0,7.9,91121.25,""
SCHOHARIE CSD,89.0,4.0,20304.39,889.0,469.0,420.0,5.5,66572.63,""
SCHROON LAKE CSD,100.0,0.0,25128.01,259.0,136.0,123.0,1.5,63459.4,""
SCHUYLERVILLE CSD,96.0,2.0,19497.47,1517.0,770.0,747.0,4.9,74302.57,""
SCIO CSD,81.0,16.0,25594.63,302.0,165.0,137.0,3.0,47109.67,""
SCOTIA-GLENVILLE CSD,88.0,6.0,19185.24,2371.0,1257.0,1114.0,10.3,63474.5,No
SEAFORD UFSD,95.0,2.0,26115.27,2247.0,1146.0,1101.0,12.4,137155.0,No
SENECA FALLS CSD,87.0,6.0,16786.23,1198.0,618.0,580.0,17.9,53409.0,""
SEWANHAKA CENTRAL SCHOOL DISTRICT,95.0,1.0,20338.62,8140.0,4213.0,3927.0,68.3,"",No
SHARON SPRINGS CSD,94.0,6.0,38377.69,226.0,109.0,117.0,7.1,55067.4,""
SHELTER ISLAND UFSD,96.0,4.0,48559.74,192.0,99.0,93.0,33.9,98213.0,""
SHENENDEHOWA CSD,92.0,3.0,15279.98,9535.0,4806.0,4729.0,25.3,89906.0,No
SHERBURNE-EARLVILLE CSD,86.0,3.0,20802.82,1286.0,670.0,616.0,3.9,52390.4,""
SHERMAN CSD,91.0,3.0,20545.12,402.0,217.0,185.0,4.0,55302.8,""
SHERRILL CITY SD,95.0,3.0,16933.8,1805.0,951.0,854.0,5.2,66556.11,Yes
SHOREHAM-WADING RIVER CSD,94.0,1.0,26463.85,2039.0,1042.0,997.0,13.3,107032.25,""
SIDNEY CSD,93.0,4.0,19569.51,1057.0,550.0,507.0,13.3,49572.86,""
SILVER CREEK CSD,89.0,4.0,19547.02,1022.0,495.0,527.0,28.8,49337.0,""
SKANEATELES CSD,94.0,2.0,19456.71,1283.0,682.0,601.0,6.0,72358.34,No
SMITHTOWN CSD,95.0,0.0,24979.97,8398.0,4222.0,4176.0,19.6,122502.71,No
SODUS CSD,86.0,4.0,20747.89,965.0,512.0,453.0,40.6,58886.43,""
SOLVAY UFSD,89.0,1.0,18811.28,1380.0,695.0,685.0,28.6,58748.0,""
SOMERS CSD,94.0,0.0,27456.96,2862.0,1465.0,1397.0,16.9,140010.17,No
SOUTH COLONIE CSD,94.0,2.0,18621.48,4671.0,2335.0,2336.0,35.5,79064.14,""
SOUTH COUNTRY CSD,83.0,8.0,26730.96,4065.0,2111.0,1954.0,63.1,91574.84,""
SOUTH GLENS FALLS CSD,88.0,5.0,15609.87,2916.0,1522.0,1394.0,8.5,72290.66,""
SOUTH HUNTINGTON UFSD,89.0,3.0,23839.17,5849.0,3047.0,2802.0,62.1,126591.0,""
SOUTH JEFFERSON CSD,88.0,3.0,15009.88,1814.0,904.0,910.0,6.0,62194.0,""
SOUTH KORTRIGHT CSD,94.0,0.0,20685.26,330.0,170.0,160.0,7.3,59543.14,""
SOUTH LEWIS CSD,85.0,6.0,21091.9,976.0,493.0,483.0,5.1,57142.67,""
SOUTH ORANGETOWN CSD,93.0,2.0,27002.95,2910.0,1436.0,1474.0,32.4,122988.0,""
SOUTH SENECA CSD,90.0,7.0,28768.85,618.0,291.0,327.0,5.0,60471.5,""
SOUTHAMPTON UFSD,89.0,2.0,35375.27,1471.0,777.0,694.0,55.6,126957.25,""
SOUTHERN CAYUGA CSD,86.0,9.0,20456.5,664.0,331.0,333.0,17.5,70813.78,""
SOUTHOLD UFSD,87.0,9.0,34388.43,769.0,417.0,352.0,37.7,97076.0,""
SOUTHWESTERN CSD AT JAMESTOWN,92.0,4.0,16269.54,1300.0,703.0,597.0,12.2,52045.2,""
SPACKENKILL UFSD,90.0,4.0,28094.81,1448.0,751.0,697.0,41.9,68081.0,No
SPENCER-VAN ETTEN CSD,81.0,8.0,21091.38,831.0,420.0,411.0,5.1,57482.91,""
SPENCERPORT CSD,91.0,4.0,18387.91,3618.0,1876.0,1742.0,20.4,70703.0,Yes
SPRINGS UFSD,91.0,4.0,25059.64,668.0,365.0,303.0,61.7,109375.0,""
SPRINGVILLE-GRIFFITH INST CSD,96.0,1.0,19368.61,1647.0,843.0,804.0,5.6,"",""
ST REGIS FALLS CSD,95.0,0.0,27120.59,249.0,125.0,124.0,8.0,"",""
STAMFORD CSD,71.0,10.0,25978.35,263.0,117.0,146.0,7.2,53572.13,""
STARPOINT CSD,93.0,3.0,14872.59,2911.0,1468.0,1443.0,6.8,69500.0,Yes
STILLWATER CSD,84.0,11.0,19288.45,1014.0,509.0,505.0,5.7,82021.4,""
STOCKBRIDGE VALLEY CSD,90.0,7.0,20271.97,410.0,205.0,205.0,7.3,55979.5,""
SUFFERN CSD,92.0,4.0,27125.39,4012.0,2024.0,1988.0,49.2,91666.0,""
SULLIVAN WEST CSD,90.0,8.0,26133.65,1014.0,532.0,482.0,15.1,63396.94,""
SUSQUEHANNA VALLEY CSD,87.0,7.0,20962.12,1426.0,748.0,678.0,10.4,54191.25,""
MAINE-ENDWELL CSD,89.0,7.0,15937.75,2459.0,1226.0,1233.0,12.4,55963.17,Yes
ADDISON CSD,90.0,3.0,23833.02,976.0,503.0,473.0,3.2,59328.0,""
ADIRONDACK CSD,92.0,5.0,14013.61,1145.0,575.0,570.0,1.7,63986.36,No
AFTON CSD,83.0,10.0,24128.02,507.0,262.0,245.0,8.9,54818.29,""
AKRON CSD,95.0,3.0,17552.56,1334.0,667.0,667.0,17.5,76903.75,""
ALBANY CITY SD,71.0,12.0,22382.65,8610.0,4444.0,4166.0,80.2,61049.18,No
ALBION CSD,85.0,11.0,15094.95,1781.0,887.0,894.0,25.5,60784.29,""
ALDEN CSD,96.0,1.0,16574.76,1581.0,783.0,798.0,4.2,80543.78,No
ALEXANDER CSD,95.0,2.0,19435.51,787.0,378.0,409.0,6.5,67828.57,""
ALEXANDRIA CSD,88.0,5.0,21219.66,472.0,232.0,240.0,5.3,55344.5,""
ALFRED-ALMOND CSD,100.0,0.0,18461.16,601.0,329.0,272.0,9.7,51929.29,""
ALLEGANY-LIMESTONE CSD,87.0,4.0,16367.35,1103.0,574.0,529.0,8.1,49249.8,""
ALTMAR-PARISH-WILLIAMSTOWN CSD,82.0,9.0,23307.26,1067.0,537.0,530.0,6.4,62701.6,""
AMAGANSETT UFSD,82.0,9.0,97583.8,64.0,30.0,34.0,39.1,114088.66,""
AMHERST CSD,93.0,1.0,15755.19,2925.0,1516.0,1409.0,33.1,69733.66,No
AMITYVILLE UFSD,85.0,7.0,23455.51,2997.0,1594.0,1403.0,95.4,109412.0,No
AMSTERDAM CITY SD,84.0,6.0,17207.22,3586.0,1838.0,1748.0,59.3,65237.57,No
ANDES CSD,100.0,0.0,38857.67,65.0,35.0,30.0,10.8,56633.86,""
ANDOVER CSD,89.0,4.0,24277.59,278.0,127.0,151.0,2.9,49658.6,""
ARDSLEY UFSD,97.0,0.0,25178.37,2325.0,1257.0,1068.0,42.5,158208.72,""
ARGYLE CSD,86.0,11.0,23262.18,463.0,233.0,230.0,5.4,62666.25,""
ARKPORT CSD,100.0,0.0,19505.93,459.0,241.0,218.0,6.1,57429.4,""
ARLINGTON CSD,91.0,3.0,21035.77,7963.0,3966.0,3997.0,34.4,90955.71,No
ATTICA CSD,91.0,2.0,20326.08,1160.0,574.0,586.0,4.7,66734.22,""
AUBURN CITY SD,76.0,12.0,15909.72,4106.0,2124.0,1982.0,23.0,51517.0,Yes
AUSABLE VALLEY CSD,88.0,11.0,23515.55,1112.0,561.0,551.0,3.4,72556.14,""
AVERILL PARK CSD,94.0,3.0,18170.81,2663.0,1336.0,1327.0,8.7,84931.25,""
AVOCA CSD,95.0,3.0,23182.35,421.0,216.0,205.0,6.9,49992.17,""
AVON CSD,93.0,2.0,15986.52,1007.0,518.0,489.0,11.9,75221.8,""
BABYLON UFSD,96.0,0.0,29037.85,1555.0,787.0,768.0,24.2,112620.0,""
BAINBRIDGE-GUILFORD CSD,96.0,0.0,18604.94,773.0,394.0,379.0,9.6,51899.86,""
BALDWIN UFSD,95.0,0.0,24058.03,4477.0,2360.0,2117.0,87.9,98237.4,Yes
BALDWINSVILLE CSD,93.0,4.0,16551.37,5390.0,2816.0,2574.0,12.4,70991.0,No
BALLSTON SPA CSD,89.0,6.0,17822.98,4064.0,2105.0,1959.0,8.3,86613.84,""
BARKER CSD,92.0,2.0,20097.18,699.0,365.0,334.0,12.4,62311.71,""
BATAVIA CITY SD,94.0,2.0,19357.91,2190.0,1156.0,1034.0,27.9,60567.0,No
BATH CSD,90.0,6.0,14747.3,1419.0,722.0,697.0,4.0,52368.57,""
BAY SHORE UFSD,87.0,4.0,23456.92,5848.0,2990.0,2858.0,72.2,116545.0,""
BAYPORT-BLUE POINT UFSD,98.0,0.0,30894.87,2080.0,1047.0,1033.0,15.0,110745.75,""
BEACON CITY SD,88.0,6.0,20683.23,2723.0,1358.0,1365.0,55.3,84118.34,Yes
BEAVER RIVER CSD,91.0,1.0,15124.46,871.0,456.0,415.0,2.6,52416.5,""
BEDFORD CSD,86.0,4.0,29882.43,3902.0,1993.0,1909.0,48.4,151156.8,No
BEEKMANTOWN CSD,94.0,3.0,15225.58,1915.0,997.0,918.0,5.5,60106.67,No
BELFAST CSD,81.0,0.0,22753.52,322.0,167.0,155.0,4.0,51402.29,""
BELLEVILLE-HENDERSON CSD,92.0,0.0,16968.41,463.0,240.0,223.0,8.4,"",""
BELLMORE UFSD,92.0,0.0,28180.7,946.0,475.0,471.0,23.2,146297.33,""
BELLMORE-MERRICK CENTRAL SCHOOL DISTRICT,97.0,0.0,25413.48,5272.0,2672.0,2600.0,21.7,"",Yes
BEMUS POINT CSD,98.0,2.0,17784.12,621.0,331.0,290.0,3.7,54523.0,""
BERKSHIRE UFSD,98.0,2.0,17784.12,83.0,72.0,11.0,61.4,"",""
BERLIN CSD,82.0,13.0,24974.93,673.0,349.0,324.0,3.6,79717.38,""
BERNE-KNOX-WESTERLO CSD,92.0,1.0,24220.44,716.0,366.0,350.0,6.0,77819.2,""
BETHLEHEM CSD,94.0,3.0,17185.56,4336.0,2205.0,2131.0,16.0,89023.66,Yes
BETHPAGE UFSD,95.0,1.0,26750.9,2945.0,1455.0,1490.0,37.3,130513.4,No
BINGHAMTON CITY SD,73.0,16.0,20117.55,4946.0,2535.0,2411.0,58.3,48095.0,Yes
BLIND BROOK-RYE UFSD,99.0,0.0,27396.38,1364.0,688.0,676.0,22.3,125493.0,""
BOLIVAR-RICHBURG CSD,94.0,5.0,21660.27,697.0,385.0,312.0,3.0,52773.83,""
BOLTON CSD,86.0,0.0,38860.88,179.0,91.0,88.0,10.1,82051.0,""
BOQUET VALLEY CSD,92.0,8.0,29438.51,410.0,220.0,190.0,2.4,"",""
BRADFORD CSD,97.0,3.0,25011.05,237.0,118.0,119.0,2.5,57434.0,""
BRASHER FALLS CSD,86.0,8.0,18091.67,964.0,479.0,485.0,6.2,52303.6,""
BRENTWOOD UFSD,76.0,12.0,19390.0,18826.0,9652.0,9174.0,97.1,98721.0,Yes
BREWSTER CSD,88.0,6.0,26271.8,3066.0,1616.0,1450.0,49.2,103172.66,No
BRIARCLIFF MANOR UFSD,97.0,1.0,30106.31,1390.0,732.0,658.0,32.4,166958.5,""
BRIDGEHAMPTON UFSD,86.0,7.0,60852.77,209.0,109.0,100.0,77.5,115114.0,""
BRIGHTON CSD,95.0,1.0,18309.26,3518.0,1766.0,1752.0,32.0,79012.8,Yes
BROADALBIN-PERTH CSD,90.0,6.0,16438.42,1681.0,853.0,828.0,5.1,59113.75,No
BROCKPORT CSD,91.0,2.0,19153.63,3168.0,1625.0,1543.0,20.5,68815.57,No
BROCTON CSD,88.0,7.0,22092.47,509.0,231.0,278.0,18.1,54416.17,""
BRONXVILLE UFSD,97.0,0.0,25738.45,1642.0,863.0,779.0,19.9,108142.0,""
BROOKFIELD CSD,82.0,14.0,24173.83,207.0,94.0,113.0,1.4,57008.17,""
BROOKHAVEN-COMSEWOGUE UFSD,92.0,4.0,22056.41,3683.0,1813.0,1870.0,41.8,118550.6,No
BRUNSWICK CSD (BRITTONKILL),88.0,4.0,17579.17,1149.0,585.0,564.0,10.5,80701.55,""
BRUSHTON-MOIRA CSD,83.0,5.0,20707.52,761.0,400.0,361.0,2.8,52123.43,""
BUFFALO CITY SD,76.0,12.0,18959.77,30674.0,15520.0,15154.0,81.0,43318.85,Yes
BURNT HILLS-BALLSTON LAKE CSD,96.0,2.0,17703.0,3082.0,1562.0,1520.0,7.9,89112.29,""
BYRAM HILLS CSD,99.0,0.0,34560.05,2274.0,1159.0,1115.0,17.1,147694.28,""
BYRON-BERGEN CSD,98.0,1.0,21604.84,828.0,385.0,443.0,11.5,66222.75,""
CAIRO-DURHAM CSD,92.0,5.0,21073.84,1179.0,601.0,578.0,18.7,63166.27,""
CALEDONIA-MUMFORD CSD,97.0,1.0,18494.78,755.0,367.0,388.0,6.8,66146.16,""
CAMBRIDGE CSD,93.0,6.0,20247.7,823.0,420.0,403.0,7.8,75838.29,""
CAMDEN CSD,86.0,6.0,19020.69,1963.0,983.0,980.0,6.1,61254.09,Yes
CAMPBELL-SAVONA CSD,95.0,3.0,20618.32,791.0,373.0,418.0,5.4,56361.83,""
CANAJOHARIE CSD,94.0,4.0,21495.74,818.0,416.0,402.0,6.2,59828.0,""
CANANDAIGUA CITY SD,92.0,4.0,17678.85,3357.0,1720.0,1637.0,12.7,72225.6,""
CANASERAGA CSD,71.0,18.0,24196.83,199.0,94.0,105.0,5.5,56816.0,""
CANASTOTA CSD,84.0,7.0,17657.1,1275.0,645.0,630.0,10.0,72601.0,No
CANDOR CSD,93.0,3.0,19391.18,718.0,354.0,364.0,7.2,60132.5,""
CANISTEO-GREENWOOD CSD,93.0,4.0,22874.26,935.0,495.0,440.0,4.3,50768.0,""
CANTON CSD,82.0,1.0,20152.15,1171.0,610.0,561.0,7.3,54204.0,""
CARLE PLACE UFSD,98.0,0.0,32591.09,1358.0,712.0,646.0,35.4,104753.34,""
SWEET HOME CSD,94.0,3.0,47371.33,3261.0,1742.0,1519.0,37.7,74452.6,""
SYOSSET CSD,99.0,0.0,30765.31,6580.0,3414.0,3166.0,47.9,151591.5,No
SYRACUSE CITY SD,71.0,11.0,19030.39,19011.0,9916.0,9095.0,78.1,49428.5,Yes
TACONIC HILLS CSD,75.0,12.0,24336.16,1205.0,612.0,593.0,20.2,71588.84,""
THOUSAND ISLANDS CSD,95.0,3.0,19397.93,867.0,425.0,442.0,8.4,57228.55,""
THREE VILLAGE CSD,96.0,1.0,31655.63,5809.0,2922.0,2887.0,22.9,124953.43,""
TICONDEROGA CSD,91.0,5.0,23812.19,682.0,361.0,321.0,1.9,80308.25,""
TIOGA CSD,91.0,4.0,15563.69,886.0,446.0,440.0,2.9,59570.14,""
TONAWANDA CITY SD,93.0,3.0,16138.8,1729.0,880.0,849.0,13.0,58954.0,No
TOWN OF WEBB UFSD,100.0,0.0,26872.8,259.0,136.0,123.0,3.5,65457.2,""
TRI-VALLEY CSD,75.0,19.0,27786.88,930.0,495.0,435.0,18.9,58629.6,""
TROY CITY SD,88.0,7.0,19801.65,3842.0,1927.0,1915.0,60.3,57325.0,Yes
TRUMANSBURG CSD,91.0,0.0,20889.47,999.0,514.0,485.0,14.6,56880.2,""
TUCKAHOE COMN SD,91.0,0.0,51082.72,253.0,121.0,132.0,74.3,105669.5,""
TUCKAHOE UFSD,99.0,0.0,25010.58,1184.0,615.0,569.0,33.6,110517.75,""
TULLY CSD,81.0,3.0,19646.46,737.0,391.0,346.0,6.5,72185.5,""
TUPPER LAKE CSD,89.0,2.0,20549.25,712.0,365.0,347.0,6.0,55435.5,""
TUXEDO UFSD,100.0,0.0,45079.45,222.0,111.0,111.0,35.6,103987.0,""
UFSD-TARRYTOWNS,90.0,5.0,25569.87,2682.0,1355.0,1327.0,69.1,"",""
UNADILLA VALLEY CSD,84.0,3.0,22294.87,758.0,368.0,390.0,4.5,53665.14,""
UNION SPRINGS CSD,94.0,0.0,18831.95,791.0,431.0,360.0,10.4,66015.16,""
UNION-ENDICOTT CSD,88.0,5.0,18861.64,3569.0,1795.0,1774.0,32.1,57793.5,Yes
UNIONDALE UFSD,78.0,11.0,24253.37,6748.0,3438.0,3310.0,98.5,111490.66,No
UTICA CITY SD,73.0,13.0,15176.09,9738.0,4917.0,4821.0,70.9,55937.33,No
VALHALLA UFSD,93.0,1.0,30131.68,1387.0,706.0,681.0,46.0,106481.0,No
VALLEY CSD (MONTGOMERY),92.0,4.0,21709.36,4131.0,2073.0,2058.0,39.5,91179.38,""
VALLEY STREAM 13 UFSD,92.0,4.0,21831.3,1963.0,1049.0,914.0,76.4,"",""
VALLEY STREAM 24 UFSD,92.0,4.0,23989.49,1097.0,560.0,537.0,82.2,"",""
VALLEY STREAM 30 UFSD,92.0,4.0,21680.41,1464.0,745.0,719.0,95.3,"",""
VALLEY STREAM CENTRAL SCHOOL DISTRICT,93.0,2.0,22335.67,4542.0,2315.0,2227.0,83.6,"",""
VAN HORNESVILLE-OWEN D YOUNG CSD,91.0,5.0,23917.91,181.0,85.0,96.0,3.3,"",""
VESTAL CSD,93.0,2.0,18422.74,3291.0,1695.0,1596.0,22.8,65047.67,Yes
VICTOR CSD,95.0,2.0,13662.02,4272.0,2140.0,2132.0,17.4,82661.29,No
VOORHEESVILLE CSD,96.0,2.0,17552.5,1180.0,581.0,599.0,10.0,96354.5,""
WAINSCOTT COMN SD,96.0,2.0,28103.79,29.0,14.0,15.0,62.1,106326.0,""
WALLKILL CSD,90.0,3.0,21761.44,2831.0,1482.0,1349.0,34.8,77384.91,No
WALTON CSD,86.0,11.0,20436.21,866.0,433.0,433.0,4.4,54078.0,""
WANTAGH UFSD,98.0,0.0,24819.0,2770.0,1397.0,1373.0,14.9,143313.0,No
WAPPINGERS CSD,94.0,3.0,19359.75,10645.0,5511.0,5134.0,31.2,90151.13,No
WARRENSBURG CSD,85.0,8.0,23590.05,662.0,352.0,310.0,6.3,64830.38,""
WARSAW CSD,92.0,7.0,18447.56,820.0,390.0,430.0,8.4,59166.57,""
WARWICK VALLEY CSD,95.0,1.0,18948.67,3569.0,1818.0,1751.0,25.2,101545.5,""
WASHINGTONVILLE CSD,94.0,2.0,20640.42,3801.0,1904.0,1897.0,40.3,104425.22,No
WATERFORD-HALFMOON UFSD,90.0,5.0,23921.21,752.0,385.0,367.0,10.0,70068.0,""
WATERLOO CSD,90.0,4.0,20639.44,1538.0,784.0,754.0,12.5,54392.67,Yes
WATERTOWN CITY SD,77.0,14.0,14799.55,3972.0,2061.0,1911.0,30.8,53675.67,Yes
WATERVILLE CSD,93.0,0.0,19097.1,741.0,395.0,346.0,2.6,69413.43,""
WATERVLIET CITY SD,88.0,7.0,13712.89,1296.0,697.0,599.0,54.3,52722.0,""
WATKINS GLEN CSD,95.0,1.0,21000.88,983.0,508.0,475.0,8.6,59327.55,""
WAVERLY CSD,90.0,8.0,17881.28,1442.0,713.0,729.0,4.9,54707.5,Yes
WAYLAND-COHOCTON CSD,94.0,4.0,19889.88,1247.0,621.0,626.0,3.6,56342.6,No
WAYNE CSD,92.0,4.0,18290.82,2127.0,1095.0,1032.0,6.9,80629.66,No
WEBSTER CSD,95.0,1.0,17463.98,8151.0,4194.0,3957.0,17.3,75512.0,No
WEEDSPORT CSD,96.0,2.0,21378.37,725.0,365.0,360.0,8.0,57784.0,""
WELLS CSD,89.0,6.0,32101.51,135.0,83.0,52.0,3.0,61267.0,""
WELLSVILLE CSD,82.0,6.0,19328.04,1077.0,527.0,550.0,5.6,54473.6,""
WEST BABYLON UFSD,92.0,4.0,24688.51,3705.0,1867.0,1838.0,41.9,108718.34,""
WEST CANADA VALLEY CSD,96.0,2.0,21996.67,650.0,306.0,344.0,4.0,58483.0,""
WEST GENESEE CSD,95.0,0.0,16351.6,4483.0,2312.0,2171.0,14.1,76938.0,""
WEST HEMPSTEAD UFSD,89.0,6.0,27633.69,1759.0,930.0,829.0,77.2,110161.0,""
WEST IRONDEQUOIT CSD,93.0,2.0,17041.73,3620.0,1885.0,1735.0,29.8,51638.0,""
WEST ISLIP UFSD,98.0,0.0,24902.21,4006.0,2097.0,1909.0,17.2,116003.0,""
WEST SENECA CSD,91.0,4.0,16393.8,6214.0,3178.0,3036.0,15.0,59280.0,""
WEST VALLEY CSD,79.0,14.0,36386.31,190.0,98.0,92.0,4.7,58744.17,""
WESTBURY UFSD,84.0,11.0,24100.6,4979.0,2569.0,2410.0,98.0,152112.0,No
WESTFIELD CSD,80.0,4.0,22096.84,632.0,308.0,324.0,9.3,49503.33,""
WESTHAMPTON BEACH UFSD,93.0,3.0,25836.22,1820.0,950.0,870.0,35.7,113387.34,""
WESTHILL CSD,96.0,3.0,17204.54,1778.0,841.0,937.0,16.4,66212.5,Yes
WESTMORELAND CSD,95.0,0.0,20977.82,853.0,421.0,432.0,5.0,65308.86,""
WHEATLAND-CHILI CSD,88.0,3.0,24615.3,636.0,305.0,331.0,30.2,67558.0,""
WHEELERVILLE UFSD,88.0,3.0,25960.01,117.0,61.0,56.0,3.4,49780.33,""
WHITE PLAINS CITY SD,91.0,3.0,27671.34,7069.0,3564.0,3505.0,78.1,106715.34,""
WHITEHALL CSD,76.0,16.0,20970.97,703.0,346.0,357.0,2.8,64743.75,""
WHITESBORO CSD,94.0,4.0,17518.67,3143.0,1602.0,1541.0,10.1,65544.63,No
WHITESVILLE CSD,93.0,0.0,25735.4,179.0,90.0,89.0,2.8,45024.67,""
WHITNEY POINT CSD,78.0,6.0,20246.09,1329.0,672.0,657.0,3.0,55161.86,""
WILLIAM FLOYD UFSD,89.0,4.0,20200.92,8837.0,4514.0,4323.0,59.9,93855.66,""
WILLIAMSON CSD,94.0,1.0,18664.46,984.0,512.0,472.0,18.9,71056.0,""
WILLIAMSVILLE CSD,95.0,2.0,16128.34,9913.0,5014.0,4899.0,26.9,89129.34,No
WILLSBORO CSD,80.0,5.0,29014.65,229.0,108.0,121.0,8.7,60185.2,""
WILSON CSD,91.0,8.0,19651.21,1042.0,545.0,497.0,9.0,63643.67,""
WINDHAM-ASHLAND-JEWETT CSD,95.0,5.0,30935.23,291.0,155.0,136.0,15.5,53107.0,""
WINDSOR CSD,92.0,4.0,20400.27,1528.0,778.0,750.0,9.0,55349.8,Yes
WORCESTER CSD,100.0,0.0,22629.71,320.0,149.0,171.0,2.5,54057.5,""
WYANDANCH UFSD,56.0,17.0,21454.95,2700.0,1381.0,1319.0,99.0,98069.0,No
WYNANTSKILL UFSD,56.0,17.0,17164.28,376.0,187.0,189.0,11.2,68131.5,""
WYOMING CSD,56.0,17.0,28167.77,128.0,70.0,58.0,2.3,62790.5,""
YONKERS CITY SD,91.0,3.0,18820.45,24633.0,12524.0,12109.0,84.5,94866.45,Yes
YORK CSD,97.0,2.0,19869.81,688.0,377.0,311.0,5.4,61273.5,""
YORKSHIRE-PIONEER CSD,89.0,6.0,17445.73,2307.0,1196.0,1111.0,5.0,58648.46,Yes
