,DistrictName,GraduationPercentageRate,DropoutPercentageRate,FundingPerStudent,TotalEnrolled,MalesEnrolled,FemalesEnrolled,Percentage of Minority Students,HouseholdIncome,FederallyFunded
0,ADDISON CSD,90.0,3.0,23833.02,976,503,473,3.2,71205.0,
1,ADIRONDACK CSD,92.0,5.0,14013.61,1145,575,570,1.7,73795.0,No
2,AFTON CSD,83.0,10.0,24128.02,507,262,245,8.9,64191.0,
3,AKRON CSD,95.0,3.0,17552.56,1334,667,667,17.5,93480.0,
4,ALBANY CITY SD,71.0,12.0,22382.65,8610,4444,4166,80.2,80885.0,No
5,ALBION CSD,85.0,11.0,15094.95,1781,887,894,25.5,71995.0,
6,ALDEN CSD,96.0,1.0,16574.76,1581,783,798,4.2,100168.0,No
7,ALEXANDER CSD,95.0,2.0,19435.51,787,378,409,6.5,82440.0,
8,ALEXANDRIA CSD,88.0,5.0,21219.66,472,232,240,5.3,85994.0,
9,ALFRED-ALMOND CSD,100.0,0.0,18461.16,601,329,272,9.7,62630.0,
10,ALLEGANY-LIMESTONE CSD,87.0,4.0,16367.35,1103,574,529,8.1,63165.0,
11,ALTMAR-PARISH-WILLIAMSTOWN CSD,82.0,9.0,23307.26,1067,537,530,6.4,72289.0,
12,AMAGANSETT UFSD,,,97583.8,64,30,34,39.1,171943.0,
13,AMHERST CSD,93.0,1.0,15755.19,2925,1516,1409,33.1,93021.0,No
14,AMITYVILLE UFSD,85.0,7.0,23455.51,2997,1594,1403,95.4,129828.0,No
15,AMSTERDAM CITY SD,84.0,6.0,17207.22,3586,1838,1748,59.3,82396.0,No
16,ANDES CSD,100.0,0.0,38857.67,65,35,30,10.8,77281.0,
17,ANDOVER CSD,89.0,4.0,24277.59,278,127,151,2.9,63877.0,
18,ARDSLEY UFSD,97.0,0.0,25178.37,2325,1257,1068,42.5,214771.0,
19,ARGYLE CSD,86.0,11.0,23262.18,463,233,230,5.4,77744.0,
20,ARKPORT CSD,100.0,0.0,19505.93,459,241,218,6.1,65849.0,
21,ARLINGTON CSD,91.0,3.0,21035.77,7963,3966,3997,34.4,115545.0,No
22,ATTICA CSD,91.0,2.0,20326.08,1160,574,586,4.7,81399.0,
23,AUBURN CITY SD,76.0,12.0,15909.72,4106,2124,1982,23.0,71023.0,Yes
24,AUSABLE VALLEY CSD,88.0,11.0,23515.55,1112,561,551,3.4,82371.0,
25,AVERILL PARK CSD,94.0,3.0,18170.81,2663,1336,1327,8.7,95636.0,
26,AVOCA CSD,95.0,3.0,23182.35,421,216,205,6.9,63872.0,
27,AVON CSD,93.0,2.0,15986.52,1007,518,489,11.9,92887.0,
28,BABYLON UFSD,96.0,0.0,29037.85,1555,787,768,24.2,130881.0,
29,BAINBRIDGE-GUILFORD CSD,96.0,0.0,18604.94,773,394,379,9.6,63183.0,
30,BALDWIN UFSD,95.0,0.0,24058.03,4477,2360,2117,87.9,123814.0,Yes
31,BALDWINSVILLE CSD,93.0,4.0,16551.37,5390,2816,2574,12.4,83202.0,No
32,BALLSTON SPA CSD,89.0,6.0,17822.98,4064,2105,1959,8.3,108290.0,
33,BARKER CSD,92.0,2.0,20097.18,699,365,334,12.4,74910.0,
34,BATAVIA CITY SD,94.0,2.0,19357.91,2190,1156,1034,27.9,71295.0,No
35,BATH CSD,90.0,6.0,14747.3,1419,722,697,4.0,61424.0,
36,BAY SHORE UFSD,87.0,4.0,23456.92,5848,2990,2858,72.2,143388.0,
37,BAYPORT-BLUE POINT UFSD,98.0,0.0,30894.87,2080,1047,1033,15.0,134718.0,
38,BEACON CITY SD,88.0,6.0,20683.23,2723,1358,1365,55.3,103605.0,Yes
39,BEAVER RIVER CSD,91.0,1.0,15124.46,871,456,415,2.6,63288.0,
40,BEDFORD CSD,86.0,4.0,29882.43,3902,1993,1909,48.4,244766.0,No
41,BEEKMANTOWN CSD,94.0,3.0,15225.58,1915,997,918,5.5,80201.0,No
42,BELFAST CSD,81.0,0.0,22753.52,322,167,155,4.0,61583.0,
43,BELLEVILLE-HENDERSON CSD,92.0,0.0,16968.41,463,240,223,8.4,,
44,BELLMORE UFSD,,,28180.7,946,475,471,23.2,166967.0,
45,BELLMORE-MERRICK CENTRAL SCHOOL DISTRICT,97.0,0.0,25413.48,5272,2672,2600,21.7,,Yes
46,BEMUS POINT CSD,98.0,2.0,17784.12,621,331,290,3.7,67361.0,
47,BERKSHIRE UFSD,,,,83,72,11,61.4,,
48,BERLIN CSD,82.0,13.0,24974.93,673,349,324,3.6,82555.0,
49,BERNE-KNOX-WESTERLO CSD,92.0,1.0,24220.44,716,366,350,6.0,98394.0,
50,BETHLEHEM CSD,94.0,3.0,17185.56,4336,2205,2131,16.0,118427.0,Yes
51,BETHPAGE UFSD,95.0,1.0,26750.9,2945,1455,1490,37.3,154212.0,No
52,BINGHAMTON CITY SD,73.0,16.0,20117.55,4946,2535,2411,58.3,66436.0,Yes
53,BLIND BROOK-RYE UFSD,99.0,0.0,27396.38,1364,688,676,22.3,208597.0,
54,BOLIVAR-RICHBURG CSD,94.0,5.0,21660.27,697,385,312,3.0,70108.0,
55,BOLTON CSD,86.0,0.0,38860.88,179,91,88,10.1,108634.0,
56,BOQUET VALLEY CSD,92.0,8.0,29438.51,410,220,190,2.4,,
57,BRADFORD CSD,97.0,3.0,25011.05,237,118,119,2.5,73430.0,
58,BRASHER FALLS CSD,86.0,8.0,18091.67,964,479,485,6.2,67499.0,
59,BRENTWOOD UFSD,76.0,12.0,19390.0,18826,9652,9174,97.1,118463.0,Yes
60,BREWSTER CSD,88.0,6.0,26271.8,3066,1616,1450,49.2,121700.0,No
61,BRIARCLIFF MANOR UFSD,97.0,1.0,30106.31,1390,732,658,32.4,235355.0,
62,BRIDGEHAMPTON UFSD,86.0,7.0,60852.77,209,109,100,77.5,205039.0,
63,BRIGHTON CSD,95.0,1.0,18309.26,3518,1766,1752,32.0,111816.0,Yes
64,BROADALBIN-PERTH CSD,90.0,6.0,16438.42,1681,853,828,5.1,76546.0,No
65,BROCKPORT CSD,91.0,2.0,19153.63,3168,1625,1543,20.5,83612.0,No
66,BROCTON CSD,88.0,7.0,22092.47,509,231,278,18.1,63979.0,
67,BRONXVILLE UFSD,97.0,0.0,25738.45,1642,863,779,19.9,190835.0,
68,BROOKFIELD CSD,82.0,14.0,24173.83,207,94,113,1.4,82236.0,
69,BROOKHAVEN-COMSEWOGUE UFSD,92.0,4.0,22056.41,3683,1813,1870,41.8,149247.0,No
70,BRUNSWICK CSD (BRITTONKILL),88.0,4.0,17579.17,1149,585,564,10.5,92178.0,
71,BRUSHTON-MOIRA CSD,83.0,5.0,20707.52,761,400,361,2.8,65815.0,
72,BUFFALO CITY SD,76.0,12.0,18959.77,30674,15520,15154,81.0,59922.0,Yes
73,BURNT HILLS-BALLSTON LAKE CSD,96.0,2.0,17703.0,3082,1562,1520,7.9,108885.0,
74,BYRAM HILLS CSD,99.0,0.0,34560.05,2274,1159,1115,17.1,230758.0,
75,BYRON-BERGEN CSD,98.0,1.0,21604.84,828,385,443,11.5,77791.0,
76,CAIRO-DURHAM CSD,92.0,5.0,21073.84,1179,601,578,18.7,75629.0,
77,CALEDONIA-MUMFORD CSD,97.0,1.0,18494.78,755,367,388,6.8,76258.0,
78,CAMBRIDGE CSD,93.0,6.0,20247.7,823,420,403,7.8,87429.0,
79,CAMDEN CSD,86.0,6.0,19020.69,1963,983,980,6.1,70061.0,Yes
80,CAMPBELL-SAVONA CSD,95.0,3.0,20618.32,791,373,418,5.4,69993.0,
81,CANAJOHARIE CSD,94.0,4.0,21495.74,818,416,402,6.2,75118.0,
82,CANANDAIGUA CITY SD,92.0,4.0,17678.85,3357,1720,1637,12.7,93586.0,
83,CANASERAGA CSD,71.0,18.0,24196.83,199,94,105,5.5,71772.0,
84,CANASTOTA CSD,84.0,7.0,17657.1,1275,645,630,10.0,88129.0,No
85,CANDOR CSD,93.0,3.0,19391.18,718,354,364,7.2,74092.0,
86,CANISTEO-GREENWOOD CSD,93.0,4.0,22874.26,935,495,440,4.3,65178.0,
87,CANTON CSD,82.0,1.0,20152.15,1171,610,561,7.3,70571.0,
88,CARLE PLACE UFSD,98.0,0.0,32591.09,1358,712,646,35.4,128511.0,
89,CARMEL CSD,92.0,3.0,27298.65,3979,2034,1945,37.6,134220.0,No
90,CARTHAGE CSD,89.0,5.0,17149.15,3065,1602,1463,25.9,63074.0,Yes
91,CASSADAGA VALLEY CSD,88.0,7.0,20862.54,799,422,377,6.0,64925.0,
92,CATO-MERIDIAN CSD,89.0,5.0,18088.09,860,449,411,8.1,76503.0,
93,CATSKILL CSD,91.0,4.0,24088.35,1350,668,682,32.9,77212.0,
94,CATTARAUGUS-LITTLE VALLEY CSD,93.0,4.0,19362.54,858,431,427,6.9,64297.0,
95,CAZENOVIA CSD,94.0,2.0,17708.25,1360,727,633,6.0,87726.0,
96,CENTER MORICHES UFSD,93.0,1.0,24593.36,1513,788,725,26.8,109894.0,
97,CENTRAL ISLIP UFSD,88.0,1.0,21656.92,7571,3929,3642,96.1,119109.0,
98,CENTRAL SQUARE CSD,87.0,8.0,17310.54,3580,1827,1753,6.1,77455.0,
99,CENTRAL VALLEY CSD AT ILION-MOHAWK,87.0,5.0,15522.11,2082,1025,1057,9.4,,
100,CHAPPAQUA CSD,99.0,0.0,29069.23,3625,1870,1755,25.9,261233.0,No
101,CHARLOTTE VALLEY CSD,0.0,4.0,19819.35,382,202,180,7.3,69507.0,
102,CHATEAUGAY CSD,97.0,3.0,20495.72,451,243,208,1.3,69316.0,
103,CHATHAM CSD,94.0,4.0,25024.45,971,491,480,13.0,112484.0,
104,CHAUTAUQUA LAKE CSD,85.0,3.0,23416.94,706,328,378,5.1,68321.0,
105,CHAZY UFSD,94.0,6.0,19209.93,455,234,221,5.7,80381.0,
106,CHEEKTOWAGA CSD,87.0,7.0,16544.11,2138,1109,1029,60.4,60197.0,Yes
107,CHEEKTOWAGA-MARYVALE UFSD,87.0,5.0,15434.4,2087,1081,1006,27.8,70070.0,No
108,CHEEKTOWAGA-SLOAN UFSD,86.0,5.0,19755.19,1232,641,591,23.5,60559.0,Yes
109,CHENANGO FORKS CSD,93.0,0.0,18273.44,1340,727,613,7.8,68460.0,
110,CHENANGO VALLEY CSD,91.0,5.0,18101.82,1648,841,807,10.7,64400.0,
111,CHERRY VALLEY-SPRINGFIELD CSD,79.0,3.0,24150.04,422,219,203,2.1,70403.0,
112,CHESTER UFSD,90.0,1.0,24039.21,986,489,497,53.5,120958.0,
113,CHITTENANGO CSD,90.0,3.0,17253.94,1904,971,933,8.4,98090.0,No
114,CHURCHVILLE-CHILI CSD,91.0,2.0,15793.94,3751,1944,1807,23.1,88620.0,No
115,CINCINNATUS CSD,90.0,5.0,21748.43,514,239,275,2.3,68478.0,
116,CLARENCE CSD,95.0,2.0,15613.47,4228,2170,2058,12.1,114562.0,No
117,CLARKSTOWN CSD,95.0,1.0,22878.82,7821,4098,3723,42.0,152153.0,No
118,CLEVELAND HILL UFSD,85.0,6.0,18076.74,1254,634,620,52.4,71973.0,
119,CLIFTON-FINE CSD,77.0,0.0,28678.72,276,134,142,8.3,58631.0,
120,CLINTON CSD,96.0,1.0,17575.94,1258,649,609,9.2,90838.0,
121,CLYDE-SAVANNAH CSD,78.0,17.0,21555.55,754,385,369,15.1,65289.0,
122,CLYMER CSD,93.0,0.0,21086.05,414,221,193,9.4,70700.0,
123,COBLESKILL-RICHMONDVILLE CSD,93.0,3.0,20054.26,1639,878,761,10.0,70931.0,Yes
124,COHOES CITY SD,84.0,11.0,17770.18,1873,943,930,28.9,80519.0,Yes
125,COLD SPRING HARBOR CSD,99.0,0.0,33287.48,1635,838,797,13.9,227514.0,
126,COLTON-PIERREPONT CSD,94.0,0.0,22481.64,339,169,170,0.6,68221.0,
127,COMMACK UFSD,97.0,0.0,26170.47,5875,3018,2857,23.3,150579.0,No
128,CONNETQUOT CSD,95.0,2.0,28395.35,5509,2786,2723,26.7,125716.0,No
129,COOPERSTOWN CSD,99.0,1.0,19740.77,818,413,405,8.8,86784.0,
130,COPENHAGEN CSD,100.0,0.0,18762.25,393,212,181,7.6,73689.0,
131,COPIAGUE UFSD,89.0,7.0,18858.63,4965,2443,2522,87.7,116162.0,No
132,CORINTH CSD,86.0,6.0,15265.53,1139,586,553,4.8,96817.0,
133,CORNING CITY SD,88.0,6.0,19702.53,4551,2359,2192,13.5,78698.0,Yes
134,CORNWALL CSD,96.0,3.0,18883.36,3102,1632,1470,35.5,126145.0,Yes
135,CORTLAND CITY SD,80.0,7.0,18587.04,2132,1092,1040,15.1,75724.0,No
136,COXSACKIE-ATHENS CSD,82.0,7.0,20955.92,1242,679,563,15.5,80744.0,No
137,CROTON-HARMON UFSD,96.0,0.0,23468.52,1584,820,764,28.7,148421.0,
138,CROWN POINT CSD,95.0,5.0,20638.87,286,135,151,0.7,67854.0,
139,CUBA-RUSHFORD CSD,92.0,0.0,19895.03,780,433,347,5.0,64611.0,
140,DALTON-NUNDA CSD (KESHEQUA),98.0,0.0,20242.29,589,297,292,2.5,63532.0,
141,DANSVILLE CSD,85.0,10.0,17846.3,1304,652,652,6.7,75776.0,
142,DEER PARK UFSD,92.0,1.0,24053.21,3864,1984,1880,63.6,123793.0,
143,DELAWARE ACADEMY CSD AT DELHI,90.0,0.0,20269.67,747,379,368,5.5,,
144,DEPEW UFSD,85.0,5.0,16749.58,1784,905,879,14.9,81730.0,
145,DEPOSIT CSD,97.0,3.0,26448.82,458,242,216,3.9,60670.0,
146,DERUYTER CSD,88.0,6.0,24461.18,326,168,158,7.4,66008.0,
147,DOBBS FERRY UFSD,99.0,0.0,27547.73,1516,783,733,35.2,217329.0,
148,DOLGEVILLE CSD,87.0,9.0,17450.78,815,393,422,1.5,66289.0,
149,DOVER UFSD,84.0,6.0,20364.65,1351,691,660,38.3,107994.0,No
150,DOWNSVILLE CSD,85.0,8.0,36396.35,207,98,109,7.7,71990.0,
151,DRYDEN CSD,68.0,14.0,22428.41,1364,699,665,15.8,73950.0,Yes
152,DUANESBURG CSD,98.0,2.0,18262.05,651,339,312,6.1,96977.0,
153,DUNDEE CSD,68.0,23.0,20317.42,621,330,291,8.5,75443.0,
154,DUNKIRK CITY SD,71.0,19.0,21073.97,1957,996,961,64.0,65345.0,Yes
155,EAST AURORA UFSD,97.0,1.0,14972.77,1758,902,856,5.6,105751.0,
156,EAST BLOOMFIELD CSD,94.0,2.0,19459.4,816,420,396,8.5,93658.0,
157,EAST GREENBUSH CSD,96.0,2.0,17840.81,4088,2049,2039,21.1,96195.0,
158,EAST HAMPTON UFSD,83.0,9.0,32627.14,1712,852,860,62.6,162978.0,
159,EAST IRONDEQUOIT CSD,90.0,6.0,21188.16,2945,1488,1457,55.6,67465.0,
160,EAST ISLIP UFSD,95.0,2.0,27025.08,3549,1855,1694,27.2,138508.0,
161,EAST MEADOW UFSD,95.0,0.0,24954.87,7240,3643,3597,51.7,149448.0,
162,EAST MORICHES UFSD,,,20972.97,684,335,349,18.9,131835.0,
163,EAST QUOGUE UFSD,,,30127.26,390,203,187,34.6,111564.0,
164,EAST RAMAPO CSD (SPRING VALLEY),65.0,20.0,20759.17,9387,4909,4478,96.6,121506.0,
165,EAST ROCHESTER UFSD,80.0,8.0,21751.23,957,488,469,27.3,117185.0,
166,EAST ROCKAWAY UFSD,96.0,1.0,27495.82,1173,576,597,40.2,144431.0,
167,EAST SYRACUSE MINOA CSD,90.0,1.0,20125.41,3138,1608,1530,14.9,,
168,EAST WILLISTON UFSD,99.0,0.0,29899.6,1722,914,808,42.4,216279.0,
169,EASTCHESTER UFSD,99.0,0.0,23455.55,3232,1684,1548,32.9,213489.0,No
170,EASTPORT-SOUTH MANOR CSD,96.0,2.0,23188.7,3225,1646,1579,13.6,119283.0,
171,EDEN CSD,88.0,3.0,17729.04,1307,669,638,6.6,82130.0,
172,EDGEMONT UFSD,98.0,0.0,26154.46,2049,1061,988,54.8,226243.0,
173,EDINBURG COMN SD,,,37016.86,53,26,27,3.8,83779.0,
174,EDMESTON CSD,91.0,3.0,21675.32,355,179,176,5.4,75282.0,
175,EDWARDS-KNOX CSD,83.0,5.0,20184.28,485,257,228,2.7,65141.0,
176,ELBA CSD,80.0,16.0,21297.72,374,194,180,20.6,73157.0,
177,ELDRED CSD,88.0,2.0,27604.29,464,224,240,14.4,85835.0,
178,ELLENVILLE CSD,81.0,11.0,26476.75,1516,751,765,53.8,80931.0,
179,ELLICOTTVILLE CSD,92.0,3.0,17000.21,568,295,273,8.5,66215.0,
180,ELMIRA CITY SD,73.0,16.0,18365.57,5544,2848,2696,28.6,73944.0,Yes
181,ELMIRA HEIGHTS CSD,88.0,6.0,17766.08,1018,503,515,12.8,77311.0,
182,ELMONT UFSD,,,21485.41,3324,1690,1634,95.1,153319.0,No
183,ELMSFORD UFSD,89.0,1.0,28619.63,967,494,473,91.9,169163.0,
184,ELWOOD UFSD,98.0,1.0,25149.52,2049,1031,1018,37.1,163972.0,No
185,EVANS-BRANT CSD (LAKE SHORE),90.0,6.0,21444.49,2179,1124,1055,22.8,75914.0,
186,FABIUS-POMPEY CSD,92.0,0.0,23378.61,611,302,309,5.6,100406.0,
187,FAIRPORT CSD,94.0,2.0,18288.31,5683,2932,2751,14.9,113807.0,No
188,FALCONER CSD,90.0,5.0,15754.62,1119,574,545,6.0,60528.0,
189,FALLSBURG CSD,79.0,8.0,8070.27,1410,688,722,71.5,75124.0,
190,FARMINGDALE UFSD,95.0,3.0,26389.39,5521,2882,2639,41.0,132631.0,Yes
191,FAYETTEVILLE-MANLIUS CSD,96.0,0.0,17546.6,4203,2114,2089,19.8,110353.0,No
192,FILLMORE CSD,96.0,2.0,16259.19,639,320,319,4.2,62808.0,
193,FIRE ISLAND UFSD,,,117584.61,30,14,16,26.7,124313.0,
194,FISHERS ISLAND UFSD,90.0,0.0,53804.95,61,26,35,14.8,113454.0,
195,FLORAL PARK-BELLEROSE UFSD,,,17858.44,1472,750,722,41.8,146902.0,
196,FLORIDA UFSD,97.0,1.0,24475.23,789,399,390,39.4,118506.0,
197,FONDA-FULTONVILLE CSD,92.0,6.0,17693.4,1245,635,610,7.1,77099.0,
198,FORESTVILLE CSD,90.0,4.0,19092.34,433,212,221,14.1,67948.0,
199,FORT ANN CSD,81.0,8.0,23523.79,421,244,177,6.9,88078.0,
200,FORT EDWARD UFSD,74.0,21.0,22672.08,444,224,220,8.8,81797.0,
201,FORT PLAIN CSD,86.0,2.0,20887.78,769,401,368,12.9,59770.0,
202,FRANKFORT-SCHUYLER CSD,90.0,1.0,17334.49,893,457,436,6.8,70398.0,
203,FRANKLIN CSD,100.0,0.0,24410.51,244,114,130,9.8,62290.0,
204,FRANKLIN SQUARE UFSD,,,16757.04,1832,953,879,41.8,156493.0,
205,FRANKLINVILLE CSD,83.0,6.0,25123.2,594,293,301,7.9,66522.0,
206,FREDONIA CSD,96.0,2.0,17255.21,1418,730,688,20.7,65243.0,
207,FREEPORT UFSD,86.0,2.0,21484.73,6765,3582,3183,94.5,138271.0,No
208,FREWSBURG CSD,94.0,2.0,17462.27,777,378,399,6.0,61279.0,
209,FRIENDSHIP CSD,78.0,9.0,29150.45,304,153,151,9.2,58995.0,
210,FRONTIER CSD,91.0,3.0,14894.51,4612,2356,2256,11.8,88180.0,Yes
211,FULTON CITY SD,84.0,10.0,19719.91,3200,1659,1541,10.3,73895.0,No
212,GALWAY CSD,87.0,6.0,18867.04,800,392,408,1.1,93511.0,
213,GANANDA CSD,90.0,5.0,18478.74,893,440,453,15.2,89871.0,
214,GARDEN CITY UFSD,98.0,0.0,23500.03,3939,1964,1975,16.0,172946.0,
215,GARRISON UFSD,,,36524.49,207,109,98,27.5,150357.0,
216,GATES CHILI CSD,86.0,4.0,19847.69,3698,1833,1865,43.8,,
217,GENERAL BROWN CSD,93.0,4.0,13567.3,1388,711,677,6.0,76388.0,
218,GENESEE VALLEY CSD,90.0,8.0,23997.0,478,243,235,5.0,63444.0,
219,GENESEO CSD,93.0,3.0,18482.09,855,444,411,17.5,80705.0,
220,GENEVA CITY SD,88.0,9.0,20180.79,1996,988,1008,57.1,71796.0,No
221,GEORGE JUNIOR REPUBLIC UFSD,41.0,53.0,,190,163,27,26.8,,
222,GERMANTOWN CSD,93.0,7.0,5403.88,485,263,222,14.0,97653.0,
223,GILBERTSVILLE-MOUNT UPTON CSD,92.0,3.0,23117.52,338,164,174,3.8,69200.0,
224,GILBOA-CONESVILLE CSD,100.0,0.0,26541.08,294,167,127,4.8,72731.0,
225,GLEN COVE CITY SD,87.0,4.0,22819.95,3163,1613,1550,75.5,186803.0,
226,GLENS FALLS CITY SD,84.0,8.0,17131.9,2022,1042,980,14.4,86313.0,
227,GLENS FALLS COMN SD,,,23169.56,157,72,85,19.7,86313.0,
228,GLOVERSVILLE CITY SD,68.0,17.0,18618.2,2554,1310,1244,20.0,74389.0,Yes
229,GORHAM-MIDDLESEX CSD (MARCUS WHITMAN,87.0,4.0,19833.28,1119,582,537,3.2,,
230,GOSHEN CSD,96.0,0.0,22102.68,2885,1458,1427,22.4,114745.0,No
231,GOUVERNEUR CSD,84.0,9.0,18367.44,1461,739,722,3.9,64883.0,
232,GOWANDA CSD,82.0,14.0,24073.62,1063,511,552,35.7,70114.0,
233,GRAND ISLAND CSD,95.0,2.0,17396.91,2869,1462,1407,15.2,103643.0,
234,GRANVILLE CSD,79.0,11.0,18308.97,1020,545,475,5.3,67741.0,
235,GREAT NECK UFSD,93.0,2.0,28782.39,6586,3466,3120,56.0,210237.0,
236,GREECE CSD,93.0,0.0,16901.72,10504,5322,5182,42.1,70419.0,No
237,GREEN ISLAND UFSD,86.0,11.0,23487.08,263,117,146,19.0,67555.0,
238,GREENBURGH CSD,93.0,0.0,34414.7,1581,803,778,87.9,166584.0,No
239,GREENBURGH ELEVEN UFSD,22.0,33.0,,71,71,0,95.8,,
240,GREENBURGH-GRAHAM UFSD,0.0,0.0,,102,60,42,88.2,,
241,GREENBURGH-NORTH CASTLE UFSD,,,,395,259,136,76.2,,
242,GREENE CSD,89.0,6.0,20546.04,924,479,445,5.3,66725.0,No
243,GREENPORT UFSD,75.0,20.0,24403.49,660,351,309,72.7,120982.0,
244,GREENVILLE CSD,87.0,3.0,23538.21,1126,573,553,4.4,87858.0,
245,GREENWICH CSD,91.0,1.0,18651.65,945,496,449,5.1,87730.0,
246,GREENWOOD LAKE UFSD,,,33865.79,474,236,238,35.2,107634.0,
247,GROTON CSD,90.0,3.0,19387.04,778,387,391,8.9,78507.0,
248,GUILDERLAND CSD,94.0,2.0,17693.96,4841,2451,2390,26.5,98477.0,Yes
249,HADLEY-LUZERNE CSD,89.0,7.0,25299.07,640,350,290,4.4,79346.0,
250,HALDANE CSD,93.0,3.0,25957.28,796,423,373,17.2,130618.0,
251,HALF HOLLOW HILLS CSD,95.0,1.0,27791.97,7676,3950,3726,47.2,147055.0,
252,HAMBURG CSD,92.0,3.0,17076.46,3321,1649,1672,7.0,96272.0,No
253,HAMILTON CSD,90.0,5.0,20603.59,554,303,251,8.7,81903.0,
254,HAMMOND CSD,74.0,16.0,26123.36,242,124,118,1.2,66054.0,
255,HAMMONDSPORT CSD,76.0,11.0,27744.76,395,196,199,7.3,66119.0,
256,HAMPTON BAYS UFSD,91.0,6.0,21642.94,2006,1048,958,63.1,138451.0,
257,HANCOCK CSD,97.0,3.0,29004.88,308,159,149,9.4,61963.0,
258,HANNIBAL CSD,82.0,10.0,19515.27,1236,649,587,4.0,66971.0,
259,HARBORFIELDS CSD,95.0,1.0,24499.74,2965,1510,1455,28.1,179813.0,No
260,HARPURSVILLE CSD,84.0,3.0,21205.12,641,365,276,4.7,65726.0,
261,HARRISON CSD,98.0,1.0,28893.27,3653,1820,1833,35.2,219748.0,No
262,HARRISVILLE CSD,91.0,9.0,25442.94,340,175,165,5.6,61411.0,
263,HARTFORD CSD,83.0,7.0,21509.8,410,230,180,6.3,70997.0,
264,HASTINGS-ON-HUDSON UFSD,96.0,1.0,27795.13,1656,840,816,28.5,200506.0,
265,HAUPPAUGE UFSD,95.0,0.0,28953.45,3272,1725,1547,27.8,137206.0,No
266,HAVERSTRAW-STONY POINT CSD (NORTH RO,86.0,6.0,22215.24,7886,4031,3855,77.5,,
267,HAWTHORNE-CEDAR KNOLLS UFSD,30.0,10.0,,207,133,74,90.3,,
268,HEMPSTEAD UFSD,78.0,10.0,21489.7,6825,3624,3201,98.5,135623.0,No
269,HENDRICK HUDSON CSD,94.0,1.0,28567.9,2267,1146,1121,44.2,136767.0,
270,HERKIMER CSD,82.0,9.0,16820.51,1059,550,509,10.7,75035.0,
271,HERMON-DEKALB CSD,91.0,6.0,21992.93,391,201,190,3.8,67354.0,
272,HERRICKS UFSD,97.0,0.0,25834.33,4007,2067,1940,75.3,229172.0,No
273,HEUVELTON CSD,75.0,8.0,21354.54,504,260,244,4.0,66262.0,
274,HEWLETT-WOODMERE UFSD,95.0,1.0,32708.8,2854,1511,1343,37.6,173425.0,No
275,HICKSVILLE UFSD,92.0,4.0,21799.6,5272,2747,2525,74.2,169038.0,No
276,HIGHLAND CSD,93.0,4.0,22380.21,1666,840,826,30.3,83973.0,
277,HIGHLAND FALLS CSD,87.0,8.0,23505.03,962,474,488,41.9,128404.0,
278,HILTON CSD,94.0,1.0,15641.88,4295,2219,2076,12.0,80816.0,No
279,HINSDALE CSD,77.0,20.0,20616.41,387,175,212,8.5,64456.0,
280,HOLLAND CSD,95.0,2.0,18196.59,829,432,397,4.7,85182.0,
281,HOLLAND PATENT CSD,88.0,5.0,18430.98,1298,679,619,1.1,84742.0,
282,HOLLEY CSD,94.0,2.0,19510.21,902,444,458,16.2,72950.0,
283,HOMER CSD,88.0,6.0,18818.88,1831,951,880,6.7,88037.0,No
284,HONEOYE CSD,94.0,0.0,23910.02,569,311,258,3.3,83586.0,
285,HONEOYE FALLS-LIMA CSD,94.0,2.0,17749.56,2122,1136,986,8.1,104254.0,
286,HOOSIC VALLEY CSD,92.0,3.0,18681.68,931,486,445,4.2,93274.0,
287,HOOSICK FALLS CSD,90.0,3.0,18103.91,1064,548,516,8.1,80837.0,
288,HORNELL CITY SD,86.0,4.0,18297.48,1528,754,774,14.8,57558.0,No
289,HORSEHEADS CSD,92.0,3.0,16537.38,3842,1956,1886,13.2,77387.0,Yes
290,HUDSON CITY SD,80.0,7.0,24261.33,1617,810,807,60.0,85834.0,No
291,HUDSON FALLS CSD,79.0,13.0,14076.68,2259,1137,1122,10.2,79194.0,
292,HUNTER-TANNERSVILLE CSD,85.0,4.0,30553.49,331,150,181,19.0,83429.0,
293,HUNTINGTON UFSD,90.0,2.0,23794.52,4459,2307,2152,65.3,213930.0,No
294,HYDE PARK CSD,88.0,6.0,23435.59,3396,1735,1661,40.6,111573.0,
295,INDIAN LAKE CSD,89.0,0.0,43135.85,100,45,55,7.0,88695.0,
296,INDIAN RIVER CSD,87.0,7.0,19354.3,3543,1772,1771,34.3,67410.0,
297,IROQUOIS CSD,98.0,1.0,20509.11,2127,1078,1049,5.4,92005.0,No
298,IRVINGTON UFSD,92.0,0.0,29339.93,1776,936,840,31.7,187499.0,No
299,ISLAND PARK UFSD,,,32114.61,683,341,342,48.0,128286.0,
300,ISLAND TREES UFSD,95.0,2.0,24009.41,2238,1139,1099,37.0,146310.0,
301,ISLIP UFSD,97.0,3.0,26255.56,2726,1347,1379,43.0,115243.0,No
302,ITHACA CITY SD,87.0,3.0,20297.74,5052,2578,2474,35.8,81662.0,No
303,JAMESTOWN CITY SD,74.0,14.0,15641.5,4479,2304,2175,38.3,54389.0,No
304,JAMESVILLE-DEWITT CSD,94.0,2.0,18413.64,2693,1404,1289,26.6,102049.0,No
305,JASPER-TROUPSBURG CSD,90.0,5.0,26007.34,401,216,185,2.2,65222.0,
306,JEFFERSON CSD,92.0,4.0,26743.1,196,100,96,4.6,67211.0,
307,JERICHO UFSD,96.0,0.0,33337.94,3159,1692,1467,70.5,225863.0,No
308,JOHNSBURG CSD,89.0,11.0,27133.01,301,157,144,3.7,63759.0,
309,JOHNSON CITY CSD,90.0,5.0,18386.55,2347,1187,1160,44.0,68096.0,
310,JOHNSTOWN CITY SD,88.0,3.0,15993.37,1501,800,701,8.2,66868.0,No
311,JORDAN-ELBRIDGE CSD,94.0,5.0,18668.5,1112,585,527,5.4,87889.0,
312,KATONAH-LEWISBORO UFSD,94.0,1.0,32363.39,2915,1501,1414,20.9,237108.0,No
313,KEENE CSD,92.0,8.0,34485.18,157,75,82,8.3,80967.0,
314,KENDALL CSD,98.0,0.0,18527.39,684,356,328,10.1,76720.0,
315,KENMORE-TONAWANDA UFSD,88.0,5.0,19948.14,6648,3363,3285,26.4,68800.0,No
316,KINDERHOOK CSD,96.0,0.0,20073.39,1683,858,825,15.5,,Yes
317,KINGS PARK CSD,97.0,0.0,25791.61,2886,1440,1446,16.0,157985.0,
318,KINGSTON CITY SD,87.0,8.0,22986.93,6308,3166,3142,48.6,84361.0,Yes
319,KIRYAS JOEL VILLAGE UFSD,0.0,43.0,107717.2,167,91,76,0.0,95494.0,
320,LA FARGEVILLE CSD,95.0,5.0,17047.91,495,246,249,6.7,101231.0,
321,LACKAWANNA CITY SD,82.0,14.0,17378.83,1790,937,853,35.7,60145.0,Yes
322,LAFAYETTE CSD,94.0,0.0,25122.89,792,401,391,40.3,88349.0,
323,LAKE GEORGE CSD,96.0,2.0,28540.5,722,360,362,8.2,108449.0,
324,LAKE PLACID CSD,88.0,2.0,26784.06,569,271,298,6.3,86204.0,
325,LAKE PLEASANT CSD,,,47512.33,65,33,32,1.5,84704.0,
326,LAKELAND CSD,92.0,1.0,24687.8,5510,2787,2723,36.9,140431.0,Yes
327,LANCASTER CSD,95.0,0.0,14140.1,5631,2874,2757,8.6,90265.0,Yes
328,LANSING CSD,90.0,1.0,21726.47,1187,602,585,19.8,88546.0,
329,LANSINGBURGH CSD,85.0,9.0,18039.45,2110,1134,976,43.8,76127.0,No
330,LAURENS CSD,84.0,8.0,23669.72,301,141,160,11.6,72141.0,
331,LAWRENCE UFSD,78.0,11.0,27720.33,2446,1289,1157,87.4,155657.0,Yes
332,LE ROY CSD,90.0,5.0,16863.6,1176,583,593,8.2,77077.0,
333,LETCHWORTH CSD,94.0,0.0,17015.69,893,464,429,4.0,61623.0,
334,LEVITTOWN UFSD,94.0,1.0,26952.8,7102,3635,3467,36.4,153635.0,No
335,LEWISTON-PORTER CSD,92.0,4.0,18690.08,1920,1004,916,9.2,81626.0,Yes
336,LIBERTY CSD,77.0,14.0,23182.34,1694,876,818,58.3,73859.0,
337,LINDENHURST UFSD,91.0,4.0,23636.09,5674,2882,2792,34.9,113116.0,No
338,LISBON CSD,92.0,0.0,20676.12,559,282,277,2.5,70103.0,
339,LITTLE FALLS CITY SD,79.0,17.0,19877.83,1073,546,527,10.0,68346.0,
340,LITTLE FLOWER UFSD,,,,97,64,33,50.5,,
341,LIVERPOOL CSD,84.0,5.0,18169.54,6927,3478,3449,28.7,85923.0,No
342,LIVINGSTON MANOR CSD,74.0,10.0,30012.19,410,191,219,20.5,81630.0,
343,LIVONIA CSD,98.0,1.0,19693.89,1449,767,682,5.9,82357.0,
344,LOCKPORT CITY SD,89.0,2.0,18128.21,4328,2206,2122,29.5,76262.0,No
345,LOCUST VALLEY CSD,97.0,0.0,37089.06,2012,1028,984,26.8,225444.0,
346,LONG BEACH CITY SD,97.0,1.0,31355.75,3613,1879,1734,41.9,157673.0,
347,LONG LAKE CSD,,,52830.45,59,32,27,5.1,65617.0,
348,LONGWOOD CSD,89.0,5.0,21996.25,9042,4626,4416,54.6,118616.0,Yes
349,LOWVILLE ACADEMY & CSD,92.0,5.0,16364.3,1283,653,630,6.4,,
350,LYME CSD,95.0,5.0,19158.07,331,157,174,6.9,73108.0,
351,LYNBROOK UFSD,97.0,1.0,26396.92,2787,1422,1365,32.9,147482.0,No
352,LYNCOURT UFSD,,,20346.46,373,196,177,47.5,58539.0,
353,LYNDONVILLE CSD,96.0,4.0,20760.99,586,296,290,12.1,68941.0,
354,LYONS CSD,74.0,14.0,25724.35,833,434,399,25.5,65572.0,
355,MADISON CSD,94.0,3.0,18344.65,454,212,242,1.8,88414.0,
356,MADRID-WADDINGTON CSD,93.0,2.0,19452.88,655,331,324,3.5,71515.0,
357,MAHOPAC CSD,94.0,2.0,26934.25,3972,2029,1943,28.5,136601.0,No
358,MAINE-ENDWELL CSD,89.0,7.0,15937.75,2459,1226,1233,12.4,70237.0,Yes
359,MALONE CSD,87.0,4.0,20754.3,2199,1191,1008,3.4,76700.0,Yes
360,MALVERNE UFSD,92.0,3.0,28071.16,1724,910,814,82.0,154988.0,No
361,MAMARONECK UFSD,94.0,2.0,22853.8,5596,2917,2679,32.2,221350.0,No
362,MANCHESTER-SHORTSVILLE CSD (RED JACK,82.0,4.0,18766.55,763,404,359,11.8,,
363,MANHASSET UFSD,98.0,0.0,25655.38,3163,1680,1483,35.9,224361.0,Yes
364,MARATHON CSD,98.0,0.0,21017.92,653,327,326,3.4,68330.0,
365,MARCELLUS CSD,92.0,3.0,19566.23,1505,802,703,4.9,96588.0,
366,MARGARETVILLE CSD,88.0,8.0,25293.61,330,164,166,29.4,76809.0,
367,MARION CSD,86.0,4.0,22443.32,634,311,323,13.2,84603.0,
368,MARLBORO CSD,91.0,4.0,21764.9,1891,968,923,37.2,101334.0,
369,MASSAPEQUA UFSD,98.0,1.0,25406.75,6713,3337,3376,10.6,151609.0,No
370,MASSENA CSD,84.0,7.0,16440.97,2475,1222,1253,14.3,62572.0,Yes
371,MATTITUCK-CUTCHOGUE UFSD,93.0,1.0,31170.72,1101,584,517,23.0,126200.0,
372,MAYFIELD CSD,90.0,4.0,18856.31,842,437,405,6.2,84083.0,
373,MCGRAW CSD,89.0,5.0,18417.53,527,256,271,4.6,68269.0,
374,MECHANICVILLE CITY SD,94.0,4.0,16937.42,1346,717,629,11.2,95530.0,
375,MEDINA CSD,84.0,8.0,18543.05,1387,672,715,22.6,65670.0,
376,MENANDS UFSD,,,17152.22,305,162,143,74.4,106485.0,
377,MERRICK UFSD,,,29454.36,1510,768,742,13.9,147341.0,
378,MEXICO CSD,90.0,3.0,21774.73,1944,991,953,5.7,80234.0,No
379,MIDDLE COUNTRY CSD,91.0,4.0,22520.78,9050,4660,4390,40.8,130967.0,
380,MIDDLEBURGH CSD,93.0,4.0,26103.54,654,316,338,3.2,77604.0,
381,MIDDLETOWN CITY SD,83.0,9.0,19264.71,7405,3739,3666,87.3,104446.0,No
382,MILFORD CSD,88.0,4.0,24297.78,334,176,158,4.2,79308.0,
383,MILLBROOK CSD,96.0,0.0,26186.89,880,451,429,22.0,113847.0,No
384,MILLER PLACE UFSD,97.0,1.0,24358.13,2490,1308,1182,14.5,138032.0,
385,MINEOLA UFSD,94.0,2.0,28437.39,2790,1460,1330,49.2,175262.0,Yes
386,MINERVA CSD,40.0,20.0,41834.28,99,45,54,7.1,70402.0,
387,MINISINK VALLEY CSD,89.0,1.0,19866.22,3493,1779,1714,25.9,100544.0,
388,MONROE-WOODBURY CSD,91.0,4.0,21906.32,6702,3384,3318,52.5,129847.0,No
389,MONTAUK UFSD,,,44925.84,286,146,140,36.4,140699.0,
390,MONTICELLO CSD,83.0,7.0,23954.2,2786,1424,1362,58.2,80760.0,Yes
391,MORAVIA CSD,84.0,9.0,18050.12,873,434,439,4.2,86998.0,
392,MORIAH CSD,89.0,6.0,20297.03,666,342,324,0.8,57074.0,
393,MORRIS CSD,77.0,0.0,23527.09,310,165,145,8.7,80818.0,
394,MORRISTOWN CSD,82.0,14.0,21795.55,322,167,155,4.3,65632.0,
395,MORRISVILLE-EATON CSD,88.0,8.0,20737.05,588,289,299,7.7,75469.0,
396,MOUNT MARKHAM CSD,86.0,8.0,19200.39,1038,527,511,3.9,71274.0,
397,MT MORRIS CSD,85.0,10.0,21224.05,515,264,251,30.3,,
398,MT PLEASANT CSD,96.0,0.0,27690.51,1902,993,909,20.8,,
399,MT PLEASANT-BLYTHEDALE UFSD,0.0,0.0,,124,68,56,70.2,,
400,MT PLEASANT-COTTAGE UFSD,9.0,27.0,,214,103,111,89.3,,
401,MT SINAI UFSD,97.0,1.0,22321.61,2176,1131,1045,17.2,,
402,MT VERNON SCHOOL DISTRICT,68.0,10.0,27660.55,7326,3755,3571,95.5,,
403,NANUET UFSD,94.0,1.0,25962.31,2218,1126,1092,53.1,133184.0,No
404,NAPLES CSD,87.0,4.0,17557.81,599,305,294,3.0,73200.0,
405,NEW HARTFORD CSD,97.0,1.0,17848.92,2553,1308,1245,14.8,79270.0,
406,NEW HYDE PARK-GARDEN CITY PARK UFSD,,,19533.7,1719,882,837,76.6,155044.0,
407,NEW LEBANON CSD,92.0,5.0,9766.29,409,205,204,7.8,109388.0,
408,NEW PALTZ CSD,94.0,3.0,25094.98,2037,1036,1001,24.7,87396.0,
409,NEW ROCHELLE CITY SD,80.0,3.0,22932.93,10286,5394,4892,74.9,211162.0,
410,NEW SUFFOLK COMN SD,,,36043.61,16,9,7,18.8,148591.0,
411,NEWARK CSD,88.0,9.0,20106.84,1983,1014,969,29.7,69218.0,Yes
412,NEWARK VALLEY CSD,88.0,5.0,18004.61,1075,547,528,4.4,74577.0,
413,NEWBURGH CITY SD,78.0,10.0,21654.67,10913,5664,5249,83.4,96570.0,Yes
414,NEWCOMB CSD,100.0,0.0,59290.5,68,39,29,5.9,63764.0,
415,NEWFANE CSD,92.0,5.0,20242.16,1333,677,656,7.3,80928.0,No
416,NEWFIELD CSD,84.0,6.0,22438.23,728,355,373,19.5,78659.0,
417,NIAGARA FALLS CITY SD,64.0,24.0,16647.7,6572,3240,3332,61.0,46201.0,
418,NIAGARA-WHEATFIELD CSD,90.0,5.0,17860.17,3411,1738,1673,21.1,77125.0,Yes
419,NISKAYUNA CSD,94.0,1.0,15876.85,4294,2239,2055,31.3,99099.0,Yes
420,NORTH BABYLON UFSD,93.0,4.0,25157.29,4539,2335,2204,64.0,129691.0,
421,NORTH BELLMORE UFSD,,,22631.36,2020,1014,1006,29.8,166967.0,
422,NORTH COLLINS CSD,92.0,4.0,21209.35,547,277,270,9.1,79396.0,
423,NORTH COLONIE CSD,93.0,3.0,16378.28,5887,2974,2913,37.1,87143.0,
424,NORTH GREENBUSH COMN SD (WILLIAMS),,,37967.85,13,5,8,15.4,87272.0,
425,NORTH MERRICK UFSD,,,25386.74,1188,610,578,26.9,131276.0,
426,NORTH ROSE-WOLCOTT CSD,87.0,6.0,21632.65,1114,535,579,13.3,64902.0,
427,NORTH SALEM CSD,96.0,2.0,34752.96,1046,523,523,25.9,161690.0,
428,NORTH SHORE CSD,96.0,0.0,36171.47,2567,1332,1235,23.1,204162.0,
429,NORTH SYRACUSE CSD,87.0,5.0,15859.19,8175,4198,3977,19.1,82288.0,
430,NORTH TONAWANDA CITY SD,86.0,7.0,17409.1,3184,1593,1591,10.9,81336.0,
431,NORTH WARREN CSD,92.0,5.0,22431.62,493,269,224,8.9,73838.0,
432,NORTHEAST CSD,87.0,6.0,26227.2,626,333,293,30.5,102501.0,
433,NORTHEASTERN CLINTON CSD,81.0,9.0,22148.23,1235,622,613,4.2,70145.0,
434,NORTHERN ADIRONDACK CSD,86.0,9.0,25473.35,785,418,367,1.0,67915.0,
435,NORTHPORT-EAST NORTHPORT UFSD,96.0,2.0,28285.29,5053,2646,2407,19.0,163391.0,
436,NORTHVILLE CSD,94.0,3.0,20631.26,420,197,223,8.1,89234.0,
437,NORWICH CITY SD,86.0,4.0,18999.6,1672,848,824,9.4,65299.0,No
438,NORWOOD-NORFOLK CSD,90.0,5.0,20364.35,943,473,470,3.8,66996.0,
439,NY MILLS UFSD,87.0,4.0,22734.23,541,267,274,11.3,,
440,NYACK UFSD,91.0,5.0,24606.88,2866,1432,1434,57.8,152677.0,No
441,NYC GEOG DIST # 1 - MANHATTAN,68.0,8.0,19153.22,10473,5481,4992,81.6,77936.0,Yes
442,NYC GEOG DIST # 2 - MANHATTAN,81.0,5.0,15883.91,59568,28456,31112,73.4,127275.96153846152,Yes
443,NYC GEOG DIST # 3 - MANHATTAN,81.0,3.0,16663.02,21132,9599,11533,66.5,104303.66666666669,Yes
444,NYC GEOG DIST # 4 - MANHATTAN,85.0,4.0,21385.49,11510,5594,5916,95.0,31104.5,Yes
445,NYC GEOG DIST # 5 - MANHATTAN,74.0,5.0,23248.48,9332,4954,4378,93.6,50067.0,Yes
446,NYC GEOG DIST # 6 - MANHATTAN,75.0,5.0,20480.9,19124,9709,9415,94.4,55738.5,Yes
447,NYC GEOG DIST # 7 - BRONX,69.0,9.0,22088.49,16318,8639,7679,98.5,36670.8,Yes
448,NYC GEOG DIST # 8 - BRONX,66.0,13.0,20068.55,24613,12660,11953,94.4,44250.0,Yes
449,NYC GEOG DIST # 9 - BRONX,74.0,9.0,20785.08,29653,14989,14664,98.7,32099.75,Yes
450,NYC GEOG DIST #10 - BRONX,80.0,7.0,18515.51,49381,25187,24194,94.1,47554.0,Yes
451,NYC GEOG DIST #11 - BRONX,75.0,8.0,17704.26,35438,18643,16795,91.1,59079.6,Yes
452,NYC GEOG DIST #12 - BRONX,63.0,12.0,20174.92,19427,10007,9420,98.6,36342.333333333336,Yes
453,NYC GEOG DIST #13 - BROOKLYN,90.0,2.0,16254.63,19994,10672,9322,82.8,100631.6,Yes
454,NYC GEOG DIST #14 - BROOKLYN,82.0,5.0,19282.51,16583,8684,7899,85.1,70139.6,Yes
455,NYC GEOG DIST #15 - BROOKLYN,71.0,5.0,18079.91,29846,14881,14965,69.9,95562.125,Yes
456,NYC GEOG DIST #16 - BROOKLYN,60.0,5.0,24918.87,5425,2891,2534,97.3,54048.0,Yes
457,NYC GEOG DIST #17 - BROOKLYN,74.0,6.0,19294.66,19019,9361,9658,96.9,62593.0,Yes
458,NYC GEOG DIST #18 - BROOKLYN,67.0,6.0,20378.87,12417,6499,5918,96.6,53702.333333333336,Yes
459,NYC GEOG DIST #19 - BROOKLYN,79.0,6.0,20178.57,19389,10230,9159,97.9,39264.333333333336,Yes
460,NYC GEOG DIST #20 - BROOKLYN,76.0,7.0,15814.7,49535,25915,23620,75.5,63385.71428571428,Yes
461,NYC GEOG DIST #21 - BROOKLYN,77.0,6.0,16986.32,33868,17379,16489,67.6,53230.833333333336,Yes
462,NYC GEOG DIST #22 - BROOKLYN,85.0,3.0,16774.61,31931,16127,15804,67.4,67778.14285714286,Yes
463,NYC GEOG DIST #23 - BROOKLYN,52.0,12.0,23142.85,7714,4315,3399,98.7,38831.5,Yes
464,NYC GEOG DIST #24 - QUEENS,80.0,5.0,16393.21,54124,28429,25695,86.8,73961.0,Yes
465,NYC GEOG DIST #25 - QUEENS,76.0,5.0,16025.35,35583,18163,17420,88.7,67681.3,Yes
466,NYC GEOG DIST #26 - QUEENS,92.0,3.0,14190.81,30802,15826,14976,84.7,89223.33333333333,Yes
467,NYC GEOG DIST #27 - QUEENS,76.0,10.0,17641.03,40675,21347,19328,90.0,74852.76923076923,Yes
468,NYC GEOG DIST #28 - QUEENS,84.0,5.0,15026.48,38378,19482,18896,84.4,72971.66666666667,Yes
469,NYC GEOG DIST #29 - QUEENS,77.0,6.0,16852.11,23776,12395,11381,98.2,80180.09090909091,Yes
470,NYC GEOG DIST #30 - QUEENS,86.0,4.0,16113.61,36697,18539,18158,83.4,72604.27272727272,Yes
471,NYC GEOG DIST #31 - STATEN ISLAND,84.0,4.0,18970.34,57787,29605,28182,55.6,86134.58333333333,Yes
472,NYC GEOG DIST #32 - BROOKLYN,75.0,8.0,20978.36,9850,5045,4805,97.6,52066.0,Yes
473,NYC SPEC SCHOOLS - DIST 75,,,6091.88,25358,18632,6726,87.3,,
474,OAKFIELD-ALABAMA CSD,85.0,3.0,18394.15,772,379,393,6.7,71686.0,
475,OCEANSIDE UFSD,94.0,0.0,22535.44,5506,2852,2654,29.4,161774.0,No
476,ODESSA-MONTOUR CSD,93.0,4.0,18234.83,723,379,344,6.6,72930.0,
477,OGDENSBURG CITY SD,80.0,12.0,22365.24,1475,763,712,2.0,65992.0,
478,OLEAN CITY SD,74.0,10.0,18698.78,1925,1008,917,18.6,61826.0,Yes
479,ONEIDA CITY SD,85.0,9.0,18768.6,1857,923,934,11.6,73958.0,Yes
480,ONEONTA CITY SD,84.0,7.0,17884.13,1734,885,849,21.6,73977.0,Yes
481,ONONDAGA CSD,90.0,6.0,19020.04,768,369,399,27.3,86201.0,
482,ONTEORA CSD,87.0,4.0,38615.96,1201,597,604,25.3,93953.0,No
483,OPPENHEIM-EPHRATAH-ST. JOHNSVILLE CS,85.0,9.0,21080.92,689,335,354,3.0,,
484,ORCHARD PARK CSD,97.0,0.0,18291.68,4649,2318,2331,7.4,96393.0,
485,ORISKANY CSD,92.0,2.0,20301.77,569,294,275,8.1,83658.0,
486,OSSINING UFSD,80.0,2.0,22422.6,4774,2464,2310,79.6,184042.0,No
487,OSWEGO CITY SD,81.0,8.0,19998.39,3626,1870,1756,10.3,76821.0,No
488,OTEGO-UNADILLA CSD,87.0,5.0,21458.71,716,338,378,11.9,69394.0,Yes
489,OTSELIC VALLEY CSD,94.0,3.0,27026.81,291,142,149,1.7,,
490,OWEGO-APALACHIN CSD,92.0,3.0,18179.7,1922,990,932,5.0,77697.0,Yes
491,OXFORD ACADEMY & CSD,95.0,2.0,22363.77,706,349,357,7.8,,
492,OYSTER BAY-EAST NORWICH CSD,95.0,3.0,31106.27,1528,776,752,36.9,253437.0,
493,OYSTERPONDS UFSD,,,39628.6,65,29,36,30.8,145348.0,
494,PALMYRA-MACEDON CSD,91.0,7.0,18477.61,1789,927,862,7.4,90559.0,No
495,PANAMA CSD,100.0,0.0,21679.03,436,223,213,5.5,75600.0,
496,PARISHVILLE-HOPKINTON CSD,97.0,0.0,25102.89,365,187,178,1.1,66268.0,
497,PATCHOGUE-MEDFORD UFSD,86.0,4.0,22688.05,7349,3796,3553,56.0,121241.0,Yes
498,PAVILION CSD,83.0,11.0,21512.28,638,332,306,5.2,76957.0,
499,PAWLING CSD,93.0,0.0,28302.88,1114,571,543,29.4,122646.0,
500,PEARL RIVER UFSD,96.0,1.0,23852.0,2361,1207,1154,23.1,161820.0,
501,PEEKSKILL CITY SD,80.0,8.0,22977.07,3352,1791,1561,93.1,124381.0,No
502,PELHAM UFSD,98.0,0.0,22511.94,2913,1515,1398,34.7,150742.0,No
503,PEMBROKE CSD,92.0,2.0,21102.75,910,435,475,6.5,77055.0,
504,PENFIELD CSD,97.0,1.0,16744.56,4587,2333,2254,17.6,95531.0,No
505,PENN YAN CSD,87.0,8.0,22166.64,1312,640,672,7.5,67993.0,
506,PERRY CSD,92.0,3.0,18437.89,772,389,383,9.8,67171.0,
507,PERU CSD,89.0,7.0,21325.68,1822,948,874,5.8,80219.0,
508,PHELPS-CLIFTON SPRINGS CSD,85.0,11.0,18223.93,1549,809,740,10.5,76566.0,
509,PHOENIX CSD,87.0,8.0,21337.44,1644,839,805,5.2,85460.0,
510,PINE BUSH CSD,91.0,4.0,20058.09,4925,2563,2362,30.7,106458.0,
511,PINE PLAINS CSD,89.0,5.0,28458.63,855,425,430,21.6,116141.0,
512,PINE VALLEY CSD (SOUTH DAYTON),66.0,15.0,24415.35,485,243,242,9.7,64100.0,
513,PITTSFORD CSD,98.0,0.0,19861.85,5588,2876,2712,26.9,120340.0,No
514,PLAINEDGE UFSD,95.0,0.0,26342.58,2823,1454,1369,13.8,147744.0,No
515,PLAINVIEW-OLD BETHPAGE CSD,96.0,0.0,26869.5,4955,2547,2408,33.7,189176.0,
516,PLATTSBURGH CITY SD,84.0,8.0,21291.56,1800,935,865,14.2,77883.0,Yes
517,PLEASANTVILLE UFSD,93.0,1.0,25303.29,1695,877,818,24.3,263679.0,
518,POCANTICO HILLS CSD,,,53858.3,285,137,148,61.4,173483.0,
519,POLAND CSD,93.0,7.0,23870.17,487,242,245,7.0,76086.0,
520,PORT BYRON CSD,86.0,4.0,23478.26,728,356,372,5.5,75689.0,
521,PORT CHESTER-RYE UFSD,82.0,5.0,17876.84,4775,2502,2273,87.4,228898.0,
522,PORT JEFFERSON UFSD,96.0,1.0,35628.81,1022,526,496,23.9,173692.0,
523,PORT JERVIS CITY SD,86.0,6.0,25319.9,2444,1245,1199,34.2,89579.0,
524,PORT WASHINGTON UFSD,93.0,2.0,25331.03,5364,2749,2615,37.0,226669.0,
525,PORTVILLE CSD,95.0,3.0,14307.29,986,469,517,6.6,61646.0,
526,POTSDAM CSD,95.0,3.0,20234.62,1234,667,567,8.9,68831.0,
527,POUGHKEEPSIE CITY SD,60.0,19.0,21427.37,4154,2184,1970,93.7,98671.0,No
528,PRATTSBURGH CSD,84.0,4.0,18240.82,360,179,181,8.1,67655.0,
529,PULASKI CSD,87.0,4.0,20825.86,924,465,459,3.8,70334.0,
530,PUTNAM CSD,,,23009.37,28,19,9,0.0,78566.0,
531,PUTNAM VALLEY CSD,97.0,1.0,26817.67,1598,808,790,31.5,141696.0,
532,QUEENSBURY UFSD,90.0,3.0,16548.22,3135,1622,1513,7.0,77945.0,No
533,QUOGUE UFSD,,,69868.4,77,38,39,23.4,138728.0,
534,RANDOLPH ACAD UFSD,,,,164,118,46,37.2,,
535,RANDOLPH CSD,99.0,0.0,18397.12,846,421,425,11.0,63778.0,
536,RAVENA-COEYMANS-SELKIRK CSD,88.0,6.0,18848.63,1768,895,873,19.1,98157.0,No
537,RED CREEK CSD,88.0,10.0,21345.38,783,424,359,5.0,67395.0,
538,RED HOOK CSD,91.0,4.0,24227.11,1766,918,848,16.5,109780.0,
539,REMSEN CSD,87.0,0.0,26257.19,405,216,189,3.5,81069.0,
540,REMSENBURG-SPEONK UFSD,,,58547.76,132,66,66,27.3,137051.0,
541,RENSSELAER CITY SD,84.0,5.0,17978.0,1028,524,504,44.6,87391.0,
542,RHINEBECK CSD,93.0,1.0,30026.67,944,466,478,16.9,128995.0,
543,RICHFIELD SPRINGS CSD,92.0,8.0,24034.39,402,223,179,5.5,74966.0,
544,RIPLEY CSD,,,33327.7,123,61,62,4.9,64715.0,
545,RIVERHEAD CSD,76.0,13.0,18810.89,5829,3028,2801,67.0,104218.0,No
546,ROCHESTER CITY SD,68.0,13.0,19885.5,25017,12904,12113,90.4,69416.0,No
547,ROCKVILLE CENTRE UFSD,98.0,0.0,29490.95,3579,1855,1724,26.5,135623.0,
548,ROCKY POINT UFSD,95.0,4.0,24991.0,2905,1441,1464,22.1,136762.0,
549,ROME CITY SD,82.0,8.0,17823.87,5320,2736,2584,21.0,75672.0,No
550,ROMULUS CSD,82.0,6.0,20890.39,434,210,224,11.1,72629.0,
551,RONDOUT VALLEY CSD,88.0,8.0,28695.99,1869,978,891,15.9,93343.0,
552,ROOSEVELT UFSD,75.0,16.0,20300.43,3346,1780,1566,99.9,133477.0,Yes
553,ROSCOE CSD,89.0,0.0,30693.78,220,120,100,13.6,70350.0,
554,ROSLYN UFSD,99.0,1.0,29181.7,3195,1622,1573,32.2,258378.0,No
555,ROTTERDAM-MOHONASEN CSD,91.0,3.0,15118.77,2798,1418,1380,23.9,80387.0,Yes
556,ROXBURY CSD,86.0,0.0,34739.37,239,112,127,4.2,82483.0,
557,ROYALTON-HARTLAND CSD,92.0,6.0,16056.73,1206,587,619,8.7,77981.0,
558,RUSH-HENRIETTA CSD,92.0,3.0,19635.2,5387,2725,2662,42.6,105059.0,No
559,RYE CITY SD,96.0,0.0,25422.18,3234,1670,1564,20.6,221738.0,No
560,RYE NECK UFSD,93.0,1.0,22836.77,1572,809,763,37.5,236160.0,
561,SACHEM CSD,94.0,2.0,20861.5,12351,6266,6085,30.0,127892.0,No
562,SACKETS HARBOR CSD,90.0,5.0,18003.63,418,204,214,10.8,73836.0,
563,SAG HARBOR UFSD,89.0,3.0,38192.07,919,461,458,27.7,175758.0,
564,SAGAPONACK COMN SD,,,55333.31,16,9,7,6.2,177034.0,
565,SALAMANCA CITY SD,79.0,3.0,24617.42,1213,628,585,50.5,62876.0,
566,SALEM CSD,78.0,12.0,19489.37,524,286,238,5.3,74751.0,
567,SALMON RIVER CSD,85.0,6.0,26274.61,1389,703,686,67.7,60692.0,
568,SANDY CREEK CSD,90.0,3.0,25117.81,742,396,346,4.6,68233.0,
569,SARANAC CSD,90.0,7.0,22036.63,1395,714,681,3.6,76018.0,Yes
570,SARANAC LAKE CSD,93.0,4.0,24587.99,1150,602,548,2.8,81922.0,
571,SARATOGA SPRINGS CITY SD,92.0,4.0,17059.93,6248,3164,3084,11.8,103880.0,
572,SAUGERTIES CSD,84.0,10.0,21994.66,2449,1205,1244,24.6,68699.0,No
573,SAUQUOIT VALLEY CSD,93.0,3.0,17140.41,943,463,480,7.6,82621.0,
574,SAYVILLE UFSD,97.0,0.0,27033.14,2822,1445,1377,12.9,134278.0,No
575,SCARSDALE UFSD,98.0,1.0,28842.09,4749,2450,2299,36.4,231508.0,No
576,SCHALMONT CSD,90.0,4.0,18953.56,1799,940,859,14.7,92421.0,
577,SCHENECTADY CITY SD,74.0,11.0,18266.0,9243,4779,4464,79.6,76752.0,Yes
578,SCHENEVUS CSD,81.0,9.0,21163.27,330,177,153,5.8,79059.0,
579,SCHODACK CSD,97.0,0.0,21104.26,900,465,435,7.9,107421.0,
580,SCHOHARIE CSD,89.0,4.0,20304.39,889,469,420,5.5,83949.0,
581,SCHROON LAKE CSD,100.0,0.0,25128.01,259,136,123,1.5,75647.0,
582,SCHUYLERVILLE CSD,96.0,2.0,19497.47,1517,770,747,4.9,91950.0,
583,SCIO CSD,81.0,16.0,25594.63,302,165,137,3.0,60071.0,
584,SCOTIA-GLENVILLE CSD,88.0,6.0,19185.24,2371,1257,1114,10.3,78947.0,No
585,SEAFORD UFSD,95.0,2.0,26115.27,2247,1146,1101,12.4,158213.0,No
586,SENECA FALLS CSD,87.0,6.0,16786.23,1198,618,580,17.9,68231.0,
587,SEWANHAKA CENTRAL SCHOOL DISTRICT,95.0,1.0,20338.62,8140,4213,3927,68.3,,No
588,SHARON SPRINGS CSD,94.0,6.0,38377.69,226,109,117,7.1,71286.0,
589,SHELTER ISLAND UFSD,96.0,4.0,48559.74,192,99,93,33.9,127668.0,
590,SHENENDEHOWA CSD,92.0,3.0,15279.98,9535,4806,4729,25.3,111245.0,No
591,SHERBURNE-EARLVILLE CSD,86.0,3.0,20802.82,1286,670,616,3.9,66565.0,
592,SHERMAN CSD,91.0,3.0,20545.12,402,217,185,4.0,71194.0,
593,SHERRILL CITY SD,95.0,3.0,16933.8,1805,951,854,5.2,84816.0,Yes
594,SHOREHAM-WADING RIVER CSD,94.0,1.0,26463.85,2039,1042,997,13.3,125680.0,
595,SIDNEY CSD,93.0,4.0,19569.51,1057,550,507,13.3,57546.0,
596,SILVER CREEK CSD,89.0,4.0,19547.02,1022,495,527,28.8,81374.0,
597,SKANEATELES CSD,94.0,2.0,19456.71,1283,682,601,6.0,96357.0,No
598,SMITHTOWN CSD,95.0,0.0,24979.97,8398,4222,4176,19.6,150271.0,No
599,SODUS CSD,86.0,4.0,20747.89,965,512,453,40.6,72271.0,
600,SOLVAY UFSD,89.0,1.0,18811.28,1380,695,685,28.6,72645.0,
601,SOMERS CSD,94.0,0.0,27456.96,2862,1465,1397,16.9,193806.0,No
602,SOUTH COLONIE CSD,94.0,2.0,18621.48,4671,2335,2336,35.5,94834.0,
603,SOUTH COUNTRY CSD,83.0,8.0,26730.96,4065,2111,1954,63.1,113885.0,
604,SOUTH GLENS FALLS CSD,88.0,5.0,15609.87,2916,1522,1394,8.5,87115.0,
605,SOUTH HUNTINGTON UFSD,89.0,3.0,23839.17,5849,3047,2802,62.1,172065.0,
606,SOUTH JEFFERSON CSD,88.0,3.0,15009.88,1814,904,910,6.0,71492.0,
607,SOUTH KORTRIGHT CSD,94.0,0.0,20685.26,330,170,160,7.3,78366.0,
608,SOUTH LEWIS CSD,85.0,6.0,21091.9,976,493,483,5.1,69154.0,
609,SOUTH ORANGETOWN CSD,93.0,2.0,27002.95,2910,1436,1474,32.4,166280.0,
610,SOUTH SENECA CSD,90.0,7.0,28768.85,618,291,327,5.0,74589.0,
611,SOUTHAMPTON UFSD,89.0,2.0,35375.27,1471,777,694,55.6,218500.0,
612,SOUTHERN CAYUGA CSD,86.0,9.0,20456.5,664,331,333,17.5,86009.0,
613,SOUTHOLD UFSD,87.0,9.0,34388.43,769,417,352,37.7,141518.0,
614,SOUTHWESTERN CSD AT JAMESTOWN,92.0,4.0,16269.54,1300,703,597,12.2,68823.0,
615,SPACKENKILL UFSD,90.0,4.0,28094.81,1448,751,697,41.9,98671.0,No
616,SPENCER-VAN ETTEN CSD,81.0,8.0,21091.38,831,420,411,5.1,71805.0,
617,SPENCERPORT CSD,91.0,4.0,18387.91,3618,1876,1742,20.4,82835.0,Yes
618,SPRINGS UFSD,,,25059.64,668,365,303,61.7,179537.0,
619,SPRINGVILLE-GRIFFITH INST CSD,96.0,1.0,19368.61,1647,843,804,5.6,,
620,ST REGIS FALLS CSD,95.0,0.0,27120.59,249,125,124,8.0,,
621,STAMFORD CSD,71.0,10.0,25978.35,263,117,146,7.2,71464.0,
622,STARPOINT CSD,93.0,3.0,14872.59,2911,1468,1443,6.8,80049.0,Yes
623,STILLWATER CSD,84.0,11.0,19288.45,1014,509,505,5.7,102092.0,
624,STOCKBRIDGE VALLEY CSD,90.0,7.0,20271.97,410,205,205,7.3,81341.0,
625,SUFFERN CSD,92.0,4.0,27125.39,4012,2024,1988,49.2,117894.0,
626,SULLIVAN WEST CSD,90.0,8.0,26133.65,1014,532,482,15.1,76118.0,
627,SUSQUEHANNA VALLEY CSD,87.0,7.0,20962.12,1426,748,678,10.4,76792.0,
628,SWEET HOME CSD,94.0,3.0,19798.51,3261,1742,1519,37.7,99680.0,
629,SYOSSET CSD,99.0,0.0,30765.31,6580,3414,3166,47.9,207429.0,No
630,SYRACUSE CITY SD,71.0,11.0,19030.39,19011,9916,9095,78.1,66537.0,Yes
631,TACONIC HILLS CSD,75.0,12.0,24336.16,1205,612,593,20.2,98860.0,
632,THOUSAND ISLANDS CSD,95.0,3.0,19397.93,867,425,442,8.4,77542.0,
633,THREE VILLAGE CSD,96.0,1.0,31655.63,5809,2922,2887,22.9,155652.0,
634,TICONDEROGA CSD,91.0,5.0,23812.19,682,361,321,1.9,91032.0,
635,TIOGA CSD,91.0,4.0,15563.69,886,446,440,2.9,72010.0,
636,TONAWANDA CITY SD,93.0,3.0,16138.8,1729,880,849,13.0,70564.0,No
637,TOWN OF WEBB UFSD,100.0,0.0,26872.8,259,136,123,3.5,88819.0,
638,TRI-VALLEY CSD,75.0,19.0,27786.88,930,495,435,18.9,79996.0,
639,TROY CITY SD,88.0,7.0,19801.65,3842,1927,1915,60.3,76127.0,Yes
640,TRUMANSBURG CSD,91.0,0.0,20889.47,999,514,485,14.6,74299.0,
641,TUCKAHOE COMN SD,,,51082.72,253,121,132,74.3,173071.0,
642,TUCKAHOE UFSD,99.0,0.0,25010.58,1184,615,569,33.6,156791.0,
643,TULLY CSD,81.0,3.0,19646.46,737,391,346,6.5,86379.0,
644,TUPPER LAKE CSD,89.0,2.0,20549.25,712,365,347,6.0,67320.0,
645,TUXEDO UFSD,100.0,0.0,45079.45,222,111,111,35.6,136204.0,
646,UFSD-TARRYTOWNS,90.0,5.0,25569.87,2682,1355,1327,69.1,,
647,UNADILLA VALLEY CSD,84.0,3.0,22294.87,758,368,390,4.5,71501.0,
648,UNION SPRINGS CSD,94.0,0.0,18831.95,791,431,360,10.4,81892.0,
649,UNION-ENDICOTT CSD,88.0,5.0,18861.64,3569,1795,1774,32.1,73884.0,Yes
650,UNIONDALE UFSD,78.0,11.0,24253.37,6748,3438,3310,98.5,141110.0,No
651,UTICA CITY SD,73.0,13.0,15176.09,9738,4917,4821,70.9,78802.0,No
652,VALHALLA UFSD,93.0,1.0,30131.68,1387,706,681,46.0,142246.0,No
653,VALLEY CSD (MONTGOMERY),92.0,4.0,21709.36,4131,2073,2058,39.5,107795.0,
654,VALLEY STREAM 13 UFSD,,,21831.3,1963,1049,914,76.4,,
655,VALLEY STREAM 24 UFSD,,,23989.49,1097,560,537,82.2,,
656,VALLEY STREAM 30 UFSD,,,21680.41,1464,745,719,95.3,,
657,VALLEY STREAM CENTRAL SCHOOL DISTRICT,93.0,2.0,22335.67,4542,2315,2227,83.6,,
658,VAN HORNESVILLE-OWEN D YOUNG CSD,91.0,5.0,23917.91,181,85,96,3.3,,
659,VESTAL CSD,93.0,2.0,18422.74,3291,1695,1596,22.8,87889.0,Yes
660,VICTOR CSD,95.0,2.0,13662.02,4272,2140,2132,17.4,105393.0,No
661,VOORHEESVILLE CSD,96.0,2.0,17552.5,1180,581,599,10.0,121379.0,
662,WAINSCOTT COMN SD,,,28103.79,29,14,15,62.1,163550.0,
663,WALLKILL CSD,90.0,3.0,21761.44,2831,1482,1349,34.8,97601.0,No
664,WALTON CSD,86.0,11.0,20436.21,866,433,433,4.4,68228.0,
665,WANTAGH UFSD,98.0,0.0,24819.0,2770,1397,1373,14.9,162595.0,No
666,WAPPINGERS CSD,94.0,3.0,19359.75,10645,5511,5134,31.2,117236.0,No
667,WARRENSBURG CSD,85.0,8.0,23590.05,662,352,310,6.3,82045.0,
668,WARSAW CSD,92.0,7.0,18447.56,820,390,430,8.4,71994.0,
669,WARWICK VALLEY CSD,95.0,1.0,18948.67,3569,1818,1751,25.2,119481.0,
670,WASHINGTONVILLE CSD,94.0,2.0,20640.42,3801,1904,1897,40.3,117327.0,No
671,WATERFORD-HALFMOON UFSD,90.0,5.0,23921.21,752,385,367,10.0,92875.0,
672,WATERLOO CSD,90.0,4.0,20639.44,1538,784,754,12.5,66581.0,Yes
673,WATERTOWN CITY SD,77.0,14.0,14799.55,3972,2061,1911,30.8,69519.0,Yes
674,WATERVILLE CSD,93.0,0.0,19097.1,741,395,346,2.6,98192.0,
675,WATERVLIET CITY SD,88.0,7.0,13712.89,1296,697,599,54.3,71188.0,
676,WATKINS GLEN CSD,95.0,1.0,21000.88,983,508,475,8.6,75781.0,
677,WAVERLY CSD,90.0,8.0,17881.28,1442,713,729,4.9,65929.0,Yes
678,WAYLAND-COHOCTON CSD,94.0,4.0,19889.88,1247,621,626,3.6,72432.0,No
679,WAYNE CSD,92.0,4.0,18290.82,2127,1095,1032,6.9,96292.0,No
680,WEBSTER CSD,95.0,1.0,17463.98,8151,4194,3957,17.3,91107.0,No
681,WEEDSPORT CSD,96.0,2.0,21378.37,725,365,360,8.0,77605.0,
682,WELLS CSD,89.0,6.0,32101.51,135,83,52,3.0,68150.0,
683,WELLSVILLE CSD,82.0,6.0,19328.04,1077,527,550,5.6,64833.0,
684,WEST BABYLON UFSD,92.0,4.0,24688.51,3705,1867,1838,41.9,125550.0,
685,WEST CANADA VALLEY CSD,96.0,2.0,21996.67,650,306,344,4.0,73411.0,
686,WEST GENESEE CSD,95.0,0.0,16351.6,4483,2312,2171,14.1,88718.0,
687,WEST HEMPSTEAD UFSD,89.0,6.0,27633.69,1759,930,829,77.2,133369.0,
688,WEST IRONDEQUOIT CSD,93.0,2.0,17041.73,3620,1885,1735,29.8,68921.0,
689,WEST ISLIP UFSD,98.0,0.0,24902.21,4006,2097,1909,17.2,137778.0,
690,WEST SENECA CSD,91.0,4.0,16393.8,6214,3178,3036,15.0,72088.0,
691,WEST VALLEY CSD,79.0,14.0,36386.31,190,98,92,4.7,69972.0,
692,WESTBURY UFSD,84.0,11.0,24100.6,4979,2569,2410,98.0,213566.0,No
693,WESTFIELD CSD,80.0,4.0,22096.84,632,308,324,9.3,70468.0,
694,WESTHAMPTON BEACH UFSD,93.0,3.0,25836.22,1820,950,870,35.7,152661.0,
695,WESTHILL CSD,96.0,3.0,17204.54,1778,841,937,16.4,81323.0,Yes
696,WESTMORELAND CSD,95.0,0.0,20977.82,853,421,432,5.0,77682.0,
697,WHEATLAND-CHILI CSD,88.0,3.0,24615.3,636,305,331,30.2,78865.0,
698,WHEELERVILLE UFSD,,,25960.01,117,61,56,3.4,64492.0,
699,WHITE PLAINS CITY SD,91.0,3.0,27671.34,7069,3564,3505,78.1,144877.0,
700,WHITEHALL CSD,76.0,16.0,20970.97,703,346,357,2.8,77265.0,
701,WHITESBORO CSD,94.0,4.0,17518.67,3143,1602,1541,10.1,78105.0,No
702,WHITESVILLE CSD,93.0,0.0,25735.4,179,90,89,2.8,65131.0,
703,WHITNEY POINT CSD,78.0,6.0,20246.09,1329,672,657,3.0,69638.0,
704,WILLIAM FLOYD UFSD,89.0,4.0,20200.92,8837,4514,4323,59.9,109015.0,
705,WILLIAMSON CSD,94.0,1.0,18664.46,984,512,472,18.9,86584.0,
706,WILLIAMSVILLE CSD,95.0,2.0,16128.34,9913,5014,4899,26.9,115536.0,No
707,WILLSBORO CSD,80.0,5.0,29014.65,229,108,121,8.7,76735.0,
708,WILSON CSD,91.0,8.0,19651.21,1042,545,497,9.0,83496.0,
709,WINDHAM-ASHLAND-JEWETT CSD,95.0,5.0,30935.23,291,155,136,15.5,72711.0,
710,WINDSOR CSD,92.0,4.0,20400.27,1528,778,750,9.0,65186.0,Yes
711,WORCESTER CSD,100.0,0.0,22629.71,320,149,171,2.5,67765.0,
712,WYANDANCH UFSD,56.0,17.0,21454.95,2700,1381,1319,99.0,112423.0,No
713,WYNANTSKILL UFSD,,,17164.28,376,187,189,11.2,87213.0,
714,WYOMING CSD,,,28167.77,128,70,58,2.3,71202.0,
715,YONKERS CITY SD,91.0,3.0,18820.45,24633,12524,12109,84.5,134752.0,Yes
716,YORK CSD,97.0,2.0,19869.81,688,377,311,5.4,75333.0,
717,YORKSHIRE-PIONEER CSD,89.0,6.0,17445.73,2307,1196,1111,5.0,73122.0,Yes
718,YORKTOWN CSD,97.0,1.0,24424.21,3401,1775,1626,27.8,176925.0,No
