,ZipCodes,MedianHouseholdIncome
0,06390,"113,454"
1,10001,"166,167"
2,10002,"70,204"
3,10003,"211,756"
4,10004,"325,028"
5,10005,"218,441"
6,10006,"226,459"
7,10007,"409,624"
8,10009,"108,017"
9,10010,"214,151"
10,10011,"210,553"
11,10012,"180,973"
12,10013,"294,915"
13,10014,"217,624"
14,10016,"181,643"
15,10017,"184,005"
16,10018,"187,702"
17,10019,"177,809"
18,10020,-
19,10021,"237,726"
20,10022,"257,537"
21,10023,"226,093"
22,10024,"267,771"
23,10025,"176,758"
24,10026,"109,506"
25,10027,"95,040"
26,10028,"225,593"
27,10029,"71,046"
28,10030,"77,671"
29,10031,"81,495"
30,10032,"75,308"
31,10033,"85,288"
32,10034,"78,544"
33,10035,"58,682"
34,10036,"139,050"
35,10037,"69,346"
36,10038,"155,311"
37,10039,"60,694"
38,10040,"72,654"
39,10044,"150,655"
40,10065,"264,139"
41,10069,"232,218"
42,10075,"241,307"
43,10103,-
44,10110,-
45,10111,-
46,10112,-
47,10115,-
48,10119,-
49,10128,"206,466"
50,10152,-
51,10153,-
52,10154,-
53,10162,"147,342"
54,10165,-
55,10167,-
56,10168,-
57,10169,-
58,10170,-
59,10171,-
60,10172,-
61,10173,-
62,10174,-
63,10177,-
64,10199,-
65,10271,-
66,10278,-
67,10279,N
68,10280,"251,759"
69,10282,"393,072"
70,10301,"99,556"
71,10302,"88,283"
72,10303,"88,661"
73,10304,"98,456"
74,10305,"99,302"
75,10306,"104,057"
76,10307,"135,651"
77,10308,"121,935"
78,10309,"126,007"
79,10310,"101,813"
80,10311,-
81,10312,"118,146"
82,10314,"109,918"
83,10451,"50,993"
84,10452,"40,997"
85,10453,"44,957"
86,10454,"41,202"
87,10455,"44,051"
88,10456,"46,124"
89,10457,"48,599"
90,10458,"49,919"
91,10459,"47,731"
92,10460,"49,926"
93,10461,"79,026"
94,10462,"70,330"
95,10463,"87,212"
96,10464,"121,430"
97,10465,"94,444"
98,10466,"77,651"
99,10467,"55,988"
100,10468,"50,877"
101,10469,"85,371"
102,10470,"84,976"
103,10471,"137,185"
104,10472,"53,992"
105,10473,"66,325"
106,10474,"43,048"
107,10475,"63,862"
108,10501,"224,137"
109,10502,"238,206"
110,10503,"176,757"
111,10504,"327,734"
112,10505,"211,354"
113,10506,"326,962"
114,10507,"161,886"
115,10509,"130,893"
116,10510,"271,732"
117,10511,"142,140"
118,10512,"120,572"
119,10514,"328,379"
120,10516,"151,301"
121,10517,"113,150"
122,10518,"235,456"
123,10519,"160,840"
124,10520,"157,593"
125,10522,"196,619"
126,10523,"130,024"
127,10524,"148,292"
128,10526,"273,431"
129,10527,"197,365"
130,10528,"207,418"
131,10530,"141,248"
132,10532,"144,280"
133,10533,"238,039"
134,10535,"159,535"
135,10536,"246,529"
136,10537,"107,796"
137,10538,"291,256"
138,10541,"136,810"
139,10543,"182,293"
140,10545,-
141,10546,"267,357"
142,10547,"137,879"
143,10548,"118,367"
144,10549,"173,220"
145,10550,"64,046"
146,10552,"102,401"
147,10553,"98,814"
148,10560,"177,313"
149,10562,"122,801"
150,10566,"83,892"
151,10567,"164,871"
152,10570,"198,979"
153,10573,"139,027"
154,10576,"315,237"
155,10577,"326,943"
156,10578,"229,387"
157,10579,"152,422"
158,10580,"318,770"
159,10583,"311,238"
160,10588,"129,829"
161,10589,"151,135"
162,10590,"198,694"
163,10591,"147,702"
164,10594,"182,791"
165,10595,"148,181"
166,10596,"100,864"
167,10597,"270,076"
168,10598,"153,734"
169,10601,"125,938"
170,10603,"128,927"
171,10604,"159,821"
172,10605,"166,510"
173,10606,"127,182"
174,10607,"160,887"
175,10701,"77,004"
176,10703,"94,962"
177,10704,"101,070"
178,10705,"84,705"
179,10706,"217,163"
180,10707,"160,879"
181,10708,"190,835"
182,10709,"168,352"
183,10710,"107,101"
184,10801,"100,614"
185,10803,"251,013"
186,10804,"253,155"
187,10805,"102,512"
188,10901,"124,034"
189,10910,-
190,10911,-
191,10913,"193,394"
192,10914,"86,301"
193,10915,N
194,10916,"129,529"
195,10917,"181,181"
196,10918,"128,176"
197,10919,"100,462"
198,10920,"151,653"
199,10921,"110,763"
200,10922,"107,148"
201,10923,"112,071"
202,10924,"123,936"
203,10925,"98,407"
204,10926,"104,889"
205,10927,"89,444"
206,10928,"94,236"
207,10930,"133,524"
208,10931,"90,047"
209,10932,N
210,10933,"99,250"
211,10940,"88,840"
212,10941,"98,671"
213,10950,"95,494"
214,10952,"81,616"
215,10953,N
216,10954,"130,104"
217,10956,"173,129"
218,10958,"110,324"
219,10960,"149,622"
220,10962,"158,187"
221,10963,"106,162"
222,10964,"230,562"
223,10965,"140,428"
224,10968,"147,394"
225,10969,"141,872"
226,10970,"108,973"
227,10973,"129,084"
228,10974,"118,324"
229,10975,"73,786"
230,10976,"105,938"
231,10977,"92,260"
232,10979,N
233,10980,"123,387"
234,10983,"178,863"
235,10984,"169,572"
236,10985,"162,647"
237,10986,"184,493"
238,10987,"191,883"
239,10988,"107,444"
240,10989,"138,464"
241,10990,"129,003"
242,10992,"110,460"
243,10993,"67,866"
244,10994,"169,947"
245,10996,"125,932"
246,10998,"111,532"
247,11001,"146,902"
248,11003,"120,800"
249,11004,"124,334"
250,11005,"450,531"
251,11010,"128,233"
252,11020,"210,336"
253,11021,"166,860"
254,11023,"179,424"
255,11024,"200,794"
256,11030,"340,827"
257,11040,"163,186"
258,11042,-
259,11050,"210,400"
260,11096,"82,488"
261,11101,"123,847"
262,11102,"104,415"
263,11103,"98,170"
264,11104,"94,487"
265,11105,"107,029"
266,11106,"98,884"
267,11109,"195,918"
268,11201,"198,854"
269,11203,"76,911"
270,11204,"75,987"
271,11205,"104,376"
272,11206,"70,179"
273,11207,"59,078"
274,11208,"64,676"
275,11209,"108,104"
276,11210,"97,562"
277,11211,"128,607"
278,11212,"48,008"
279,11213,"74,892"
280,11214,"81,908"
281,11215,"197,323"
282,11216,"108,890"
283,11217,"182,618"
284,11218,"105,235"
285,11219,"64,234"
286,11220,"75,144"
287,11221,"88,596"
288,11222,"122,507"
289,11223,"84,634"
290,11224,"59,226"
291,11225,"91,135"
292,11226,"80,354"
293,11228,"103,981"
294,11229,"89,740"
295,11230,"85,020"
296,11231,"169,055"
297,11232,"98,875"
298,11233,"71,104"
299,11234,"109,876"
300,11235,"83,018"
301,11236,"89,086"
302,11237,"76,385"
303,11238,"136,836"
304,11239,"43,455"
305,11351,-
306,11354,"67,230"
307,11355,"66,479"
308,11356,"85,304"
309,11357,"106,791"
310,11358,"94,084"
311,11359,-
312,11360,"111,102"
313,11361,"108,796"
314,11362,"110,938"
315,11363,"141,278"
316,11364,"103,613"
317,11365,"87,247"
318,11366,"111,591"
319,11367,"85,658"
320,11368,"71,465"
321,11369,"78,247"
322,11370,"91,315"
323,11371,-
324,11372,"82,871"
325,11373,"73,043"
326,11374,"93,752"
327,11375,"116,806"
328,11377,"79,252"
329,11378,"99,441"
330,11379,"107,104"
331,11385,"90,871"
332,11411,"118,439"
333,11412,"101,822"
334,11413,"108,650"
335,11414,"105,479"
336,11415,"104,554"
337,11416,"88,125"
338,11417,"94,565"
339,11418,"94,702"
340,11419,"93,449"
341,11420,"102,028"
342,11421,"97,905"
343,11422,"107,049"
344,11423,"89,972"
345,11424,-
346,11425,-
347,11426,"119,975"
348,11427,"105,540"
349,11428,"94,622"
350,11429,"97,848"
351,11430,-
352,11432,"90,626"
353,11433,"80,032"
354,11434,"83,921"
355,11435,"88,634"
356,11436,"94,392"
357,11451,-
358,11501,"124,711"
359,11507,"177,436"
360,11509,"189,507"
361,11510,"138,551"
362,11514,"122,735"
363,11516,"128,778"
364,11518,"122,378"
365,11520,"108,589"
366,11530,"230,942"
367,11542,"106,545"
368,11545,"252,842"
369,11547,"128,781"
370,11548,"215,279"
371,11549,-
372,11550,"94,695"
373,11552,"146,000"
374,11553,"107,060"
375,11554,"137,328"
376,11556,-
377,11557,"189,333"
378,11558,"128,286"
379,11559,"193,721"
380,11560,"267,062"
381,11561,"139,105"
382,11563,"148,367"
383,11565,"159,412"
384,11566,"175,710"
385,11568,"368,270"
386,11569,"176,241"
387,11570,"166,176"
388,11572,"140,803"
389,11575,"111,060"
390,11576,"282,603"
391,11577,"220,878"
392,11579,"238,924"
393,11580,"129,851"
394,11581,"146,981"
395,11590,"138,088"
396,11596,"190,103"
397,11598,"209,020"
398,11691,"81,358"
399,11692,"73,727"
400,11693,"77,184"
401,11694,"114,854"
402,11697,"152,227"
403,11701,"103,615"
404,11702,"145,133"
405,11703,"128,889"
406,11704,"116,629"
407,11705,"146,099"
408,11706,"119,692"
409,11709,"163,353"
410,11710,"167,465"
411,11713,"118,851"
412,11714,"135,750"
413,11715,"121,629"
414,11716,"118,372"
415,11717,"115,208"
416,11718,"167,084"
417,11719,"109,507"
418,11720,"124,787"
419,11721,"214,951"
420,11722,"98,198"
421,11724,"293,609"
422,11725,"174,669"
423,11726,"107,831"
424,11727,"104,134"
425,11729,"118,697"
426,11730,"131,627"
427,11731,"154,239"
428,11732,"140,845"
429,11733,"210,615"
430,11735,"138,313"
431,11738,"138,696"
432,11739,"208,330"
433,11740,"149,328"
434,11741,"127,521"
435,11742,"130,307"
436,11743,"188,349"
437,11746,"159,834"
438,11747,"168,013"
439,11749,"104,304"
440,11751,"127,840"
441,11752,"139,641"
442,11753,"242,005"
443,11754,"128,347"
444,11755,"132,707"
445,11756,"133,826"
446,11757,"114,890"
447,11758,"147,558"
448,11762,"155,661"
449,11763,"105,460"
450,11764,"151,849"
451,11765,"444,808"
452,11766,"146,419"
453,11767,"146,540"
454,11768,"186,606"
455,11769,"134,885"
456,11770,"85,596"
457,11771,"197,878"
458,11772,"110,504"
459,11776,"121,027"
460,11777,"164,044"
461,11778,"118,902"
462,11779,"112,880"
463,11780,"170,113"
464,11782,"160,640"
465,11783,"169,355"
466,11784,"108,087"
467,11786,"160,470"
468,11787,"159,002"
469,11788,"140,524"
470,11789,"115,830"
471,11790,"166,275"
472,11791,"230,220"
473,11792,"155,487"
474,11793,"157,726"
475,11794,-
476,11795,"155,865"
477,11796,"123,216"
478,11797,"255,736"
479,11798,"101,943"
480,11801,"134,340"
481,11803,"184,400"
482,11804,"178,258"
483,11901,"85,796"
484,11930,"195,593"
485,11931,N
486,11932,"188,800"
487,11933,"90,835"
488,11934,"131,409"
489,11935,"172,542"
490,11937,"179,537"
491,11939,"119,907"
492,11940,"145,747"
493,11941,"132,500"
494,11942,"121,867"
495,11944,"111,428"
496,11946,"127,029"
497,11947,"118,439"
498,11948,"141,580"
499,11949,"117,685"
500,11950,"100,190"
501,11951,"93,080"
502,11952,"110,685"
503,11953,"93,027"
504,11954,"140,699"
505,11955,"80,590"
506,11956,"124,640"
507,11957,"170,790"
508,11958,"120,401"
509,11959,"132,642"
510,11960,"182,810"
511,11961,"95,928"
512,11962,"165,268"
513,11963,"169,429"
514,11964,"111,314"
515,11965,"118,504"
516,11967,"131,137"
517,11968,"219,113"
518,11970,"34,258"
519,11971,"131,612"
520,11972,"95,859"
521,11973,-
522,11975,"139,968"
523,11976,"296,659"
524,11977,"163,667"
525,11978,"161,675"
526,11980,"107,856"
527,12007,N
528,12008,"114,075"
529,12009,"123,802"
530,12010,"66,819"
531,12015,"101,686"
532,12017,"75,992"
533,12018,"107,477"
534,12019,"120,328"
535,12020,"101,075"
536,12022,"81,688"
537,12023,"91,998"
538,12024,-
539,12025,"87,226"
540,12027,"126,596"
541,12028,"74,221"
542,12029,"103,616"
543,12031,"61,365"
544,12032,"61,914"
545,12033,"91,104"
546,12035,"78,632"
547,12036,"74,986"
548,12037,"89,878"
549,12040,"32,602"
550,12041,"139,990"
551,12042,"89,879"
552,12043,"77,243"
553,12045,"57,292"
554,12046,"84,889"
555,12047,"80,519"
556,12051,"84,633"
557,12052,"81,414"
558,12053,"105,482"
559,12054,"130,479"
560,12056,"94,052"
561,12057,"77,412"
562,12058,"76,111"
563,12059,"94,813"
564,12060,"134,750"
565,12061,"124,178"
566,12062,"80,496"
567,12063,"73,010"
568,12064,"44,251"
569,12065,"121,797"
570,12066,"92,887"
571,12067,"101,324"
572,12068,"77,053"
573,12069,"93,869"
574,12070,"87,334"
575,12071,"68,179"
576,12072,"83,572"
577,12074,"97,291"
578,12075,"101,151"
579,12076,"65,067"
580,12077,"133,920"
581,12078,"59,393"
582,12083,"87,565"
583,12084,"98,044"
584,12085,"44,859"
585,12086,"69,301"
586,12087,"72,779"
587,12089,N
588,12090,"77,062"
589,12092,"56,183"
590,12093,"79,607"
591,12094,"99,112"
592,12095,"72,171"
593,12106,"111,556"
594,12108,"67,111"
595,12110,"95,637"
596,12115,"161,291"
597,12116,"99,798"
598,12117,"105,631"
599,12118,"107,193"
600,12120,"89,675"
601,12121,"98,719"
602,12122,"62,293"
603,12123,"107,912"
604,12124,"80,074"
605,12125,"76,540"
606,12130,"79,472"
607,12131,"53,865"
608,12132,"106,034"
609,12134,"72,838"
610,12136,"159,872"
611,12137,"98,616"
612,12138,"76,379"
613,12139,"73,125"
614,12140,"104,837"
615,12143,"90,619"
616,12144,"87,391"
617,12147,"104,334"
618,12148,"134,507"
619,12149,"68,308"
620,12150,"77,460"
621,12151,"90,771"
622,12153,"79,921"
623,12154,"101,747"
624,12155,"61,479"
625,12156,"121,400"
626,12157,"94,571"
627,12158,"111,128"
628,12159,"143,451"
629,12160,"89,551"
630,12161,N
631,12164,"102,298"
632,12165,"76,541"
633,12166,"66,535"
634,12167,"66,675"
635,12168,"94,869"
636,12169,"91,596"
637,12170,"96,668"
638,12172,"47,621"
639,12173,"82,715"
640,12174,"71,628"
641,12175,"73,916"
642,12176,"71,878"
643,12177,"93,540"
644,12180,"75,138"
645,12182,"77,117"
646,12183,"62,673"
647,12184,"109,271"
648,12185,"108,730"
649,12186,"137,689"
650,12187,"59,426"
651,12188,"92,875"
652,12189,"72,437"
653,12190,"65,763"
654,12192,"93,988"
655,12193,"81,402"
656,12194,"58,379"
657,12195,"84,967"
658,12196,"127,241"
659,12197,"77,961"
660,12198,"99,288"
661,12202,"49,123"
662,12203,"86,466"
663,12204,"78,455"
664,12205,"85,767"
665,12206,"49,280"
666,12207,"49,759"
667,12208,"79,318"
668,12209,"72,646"
669,12210,"60,955"
670,12211,"134,516"
671,12222,-
672,12302,"91,075"
673,12303,"90,604"
674,12304,"68,490"
675,12305,"51,092"
676,12306,"82,067"
677,12307,"55,100"
678,12308,"62,041"
679,12309,"127,874"
680,12401,"76,558"
681,12404,"85,284"
682,12405,"66,854"
683,12406,"49,499"
684,12407,"42,344"
685,12409,"113,654"
686,12410,"36,521"
687,12411,"70,485"
688,12412,"87,665"
689,12413,"74,950"
690,12414,"60,826"
691,12416,"74,394"
692,12417,"88,142"
693,12418,"106,268"
694,12419,"82,166"
695,12420,"109,674"
696,12421,"143,844"
697,12422,"78,977"
698,12423,"66,206"
699,12424,"73,782"
700,12427,"167,624"
701,12428,"65,656"
702,12429,"127,939"
703,12430,"71,284"
704,12431,"87,623"
705,12432,"36,420"
706,12433,"53,550"
707,12434,"51,395"
708,12435,"86,098"
709,12436,"67,499"
710,12438,-
711,12439,"56,846"
712,12440,"102,489"
713,12441,"45,467"
714,12442,"49,934"
715,12443,"125,511"
716,12444,"83,054"
717,12446,"78,331"
718,12448,"222,988"
719,12449,"73,207"
720,12450,"74,584"
721,12451,"66,056"
722,12452,"78,048"
723,12453,"60,982"
724,12454,"65,497"
725,12455,"66,431"
726,12456,"74,689"
727,12457,"74,101"
728,12458,"64,620"
729,12459,"101,624"
730,12460,"64,903"
731,12461,"156,704"
732,12463,"80,955"
733,12464,"68,830"
734,12465,"79,817"
735,12466,"85,656"
736,12468,"90,958"
737,12469,"82,926"
738,12470,"74,462"
739,12471,"30,010"
740,12472,"65,931"
741,12473,"76,070"
742,12474,"85,076"
743,12475,"41,236"
744,12477,"87,955"
745,12480,"103,221"
746,12481,"88,694"
747,12482,"79,946"
748,12483,"73,120"
749,12484,"77,013"
750,12485,"70,895"
751,12486,"102,001"
752,12487,"107,648"
753,12489,"48,896"
754,12490,N
755,12491,"104,501"
756,12492,"77,914"
757,12493,"64,217"
758,12494,"111,875"
759,12495,"117,638"
760,12496,"81,276"
761,12498,"90,802"
762,12501,"88,093"
763,12502,"118,586"
764,12503,"169,810"
765,12504,"179,156"
766,12507,"83,131"
767,12508,"99,795"
768,12512,"105,135"
769,12513,"57,202"
770,12514,"150,712"
771,12515,"89,793"
772,12516,"137,103"
773,12517,"73,333"
774,12518,"107,819"
775,12520,"124,594"
776,12521,"105,913"
777,12522,"74,764"
778,12523,"95,387"
779,12524,"101,280"
780,12525,"98,171"
781,12526,"94,725"
782,12527,-
783,12528,"89,535"
784,12529,"130,112"
785,12530,N
786,12531,"139,466"
787,12533,"142,643"
788,12534,"74,984"
789,12538,"100,155"
790,12540,"145,643"
791,12542,"123,122"
792,12543,"89,044"
793,12545,"104,894"
794,12546,"90,944"
795,12547,"119,890"
796,12548,"86,399"
797,12549,"113,383"
798,12550,"84,330"
799,12553,"104,809"
800,12561,"92,350"
801,12563,"113,636"
802,12564,"114,836"
803,12565,"60,183"
804,12566,"110,282"
805,12567,"107,843"
806,12569,"102,945"
807,12570,"129,485"
808,12571,"123,500"
809,12572,"122,776"
810,12574,"131,707"
811,12575,"150,259"
812,12577,"159,980"
813,12578,"102,376"
814,12580,"116,282"
815,12581,"111,958"
816,12582,"137,319"
817,12583,"104,583"
818,12585,"115,830"
819,12586,"92,898"
820,12589,"104,246"
821,12590,"108,212"
822,12592,"115,504"
823,12594,"92,326"
824,12601,"88,554"
825,12603,"108,789"
826,12604,N
827,12701,"65,163"
828,12719,"89,562"
829,12720,"60,309"
830,12721,"97,101"
831,12722,N
832,12723,"81,330"
833,12724,"107,177"
834,12725,"108,869"
835,12726,"91,103"
836,12729,"59,950"
837,12732,"58,512"
838,12733,"43,941"
839,12734,"63,155"
840,12736,"37,359"
841,12737,"96,649"
842,12738,"80,269"
843,12740,"94,754"
844,12741,"68,120"
845,12742,"58,235"
846,12743,"126,965"
847,12745,"70,519"
848,12746,"73,897"
849,12747,"59,869"
850,12748,"86,193"
851,12749,"70,320"
852,12750,"81,145"
853,12751,"41,530"
854,12752,"80,057"
855,12754,"68,769"
856,12758,"56,903"
857,12759,"54,612"
858,12760,"85,403"
859,12762,"59,952"
860,12763,"57,420"
861,12764,"69,292"
862,12765,"80,770"
863,12766,"55,638"
864,12767,"87,332"
865,12768,"78,239"
866,12769,"57,851"
867,12770,"80,353"
868,12771,"68,918"
869,12775,"129,050"
870,12776,"88,183"
871,12777,"145,946"
872,12778,"119,792"
873,12779,"53,457"
874,12780,"71,533"
875,12781,"84,806"
876,12783,"70,849"
877,12784,N
878,12785,"94,174"
879,12786,"102,318"
880,12787,"88,839"
881,12788,"152,939"
882,12789,"89,307"
883,12790,"96,059"
884,12791,"76,748"
885,12792,"93,815"
886,12801,"71,689"
887,12803,"75,436"
888,12804,"100,937"
889,12808,"84,774"
890,12809,"68,468"
891,12810,"74,766"
892,12811,"53,327"
893,12812,"107,673"
894,12814,"100,930"
895,12815,"69,255"
896,12816,"74,473"
897,12817,"88,705"
898,12819,"87,494"
899,12821,"69,743"
900,12822,"68,983"
901,12823,"88,604"
902,12824,"116,338"
903,12827,"84,812"
904,12828,"81,797"
905,12831,"104,113"
906,12832,"60,396"
907,12833,"132,736"
908,12834,"91,101"
909,12835,"94,720"
910,12836,"84,267"
911,12837,"67,096"
912,12838,"68,180"
913,12839,"63,718"
914,12841,"68,368"
915,12842,"69,718"
916,12843,"63,284"
917,12844,"157,054"
918,12845,"83,106"
919,12846,"78,439"
920,12847,"69,752"
921,12849,"73,216"
922,12850,"114,977"
923,12851,"89,536"
924,12852,"63,764"
925,12853,"57,036"
926,12855,"62,653"
927,12856,"55,317"
928,12857,"71,275"
929,12858,"97,563"
930,12859,"102,990"
931,12860,"83,371"
932,12861,"85,775"
933,12862,-
934,12863,"88,399"
935,12864,N
936,12865,"69,611"
937,12866,"117,772"
938,12870,"72,446"
939,12871,"87,080"
940,12872,N
941,12873,"86,954"
942,12874,"122,729"
943,12878,"65,389"
944,12883,"71,357"
945,12884,"65,125"
946,12885,"63,848"
947,12886,"78,741"
948,12887,"68,388"
949,12901,"72,604"
950,12903,"83,162"
951,12910,"58,013"
952,12911,-
953,12912,"68,959"
954,12913,"77,900"
955,12914,"56,558"
956,12916,"55,535"
957,12917,"63,721"
958,12918,"102,974"
959,12919,"66,566"
960,12920,"86,791"
961,12921,"92,122"
962,12922,"62,544"
963,12923,"58,951"
964,12924,"102,082"
965,12926,"58,121"
966,12927,"61,121"
967,12928,"81,970"
968,12929,"60,210"
969,12930,"77,233"
970,12932,"74,808"
971,12933,"66,879"
972,12934,"60,787"
973,12935,"66,377"
974,12936,"65,762"
975,12937,"50,435"
976,12939,"83,619"
977,12941,"80,985"
978,12942,"98,773"
979,12943,"50,533"
980,12944,"74,902"
981,12945,"77,281"
982,12946,"90,203"
983,12950,"67,103"
984,12952,"59,601"
985,12953,"72,962"
986,12955,"81,675"
987,12956,"44,351"
988,12957,"59,350"
989,12958,"81,223"
990,12959,"49,014"
991,12960,"47,442"
992,12961,"18,579"
993,12962,"77,768"
994,12964,"74,300"
995,12965,"67,315"
996,12966,"70,617"
997,12967,"77,740"
998,12969,"55,443"
999,12970,"126,583"
1000,12972,"90,305"
1001,12973,"65,065"
1002,12974,"70,649"
1003,12975,"58,245"
1004,12976,"87,994"
1005,12977,-
1006,12978,"70,302"
1007,12979,"57,619"
1008,12980,"57,660"
1009,12981,"81,895"
1010,12983,"73,489"
1011,12985,"65,767"
1012,12986,"78,120"
1013,12987,"93,579"
1014,12989,"79,362"
1015,12992,"90,233"
1016,12993,"77,669"
1017,12996,"98,240"
1018,12997,"82,206"
1019,12998,"58,858"
1020,13020,"68,683"
1021,13021,"71,023"
1022,13024,-
1023,13026,"90,965"
1024,13027,"97,339"
1025,13028,"71,172"
1026,13029,"94,645"
1027,13030,"80,281"
1028,13031,"93,789"
1029,13032,"72,533"
1030,13033,"87,933"
1031,13034,"109,435"
1032,13035,"118,648"
1033,13036,"83,579"
1034,13037,"91,977"
1035,13039,"103,937"
1036,13040,"67,706"
1037,13041,"102,059"
1038,13042,"84,045"
1039,13044,"95,346"
1040,13045,"72,698"
1041,13051,N
1042,13052,"68,674"
1043,13053,"84,828"
1044,13054,"86,832"
1045,13057,"76,885"
1046,13060,"62,150"
1047,13061,"80,855"
1048,13062,N
1049,13063,"113,499"
1050,13064,"142,474"
1051,13066,"137,207"
1052,13068,"88,133"
1053,13069,"69,855"
1054,13071,"83,754"
1055,13072,"63,214"
1056,13073,"74,345"
1057,13074,"72,465"
1058,13076,"89,305"
1059,13077,"80,461"
1060,13078,"122,656"
1061,13080,"86,552"
1062,13081,"111,418"
1063,13082,"77,386"
1064,13083,"75,571"
1065,13084,"90,217"
1066,13087,"142,833"
1067,13088,"77,812"
1068,13090,"90,954"
1069,13092,"78,852"
1070,13101,"63,025"
1071,13102,"60,552"
1072,13103,"43,075"
1073,13104,"147,718"
1074,13108,"95,606"
1075,13110,"98,724"
1076,13111,"50,284"
1077,13112,"84,487"
1078,13113,"82,023"
1079,13114,"79,750"
1080,13115,"87,383"
1081,13116,"79,483"
1082,13117,"41,518"
1083,13118,"75,437"
1084,13120,"77,363"
1085,13122,"58,196"
1086,13123,N
1087,13124,"75,881"
1088,13126,"73,227"
1089,13131,"78,945"
1090,13132,"79,896"
1091,13134,"81,127"
1092,13135,"80,035"
1093,13136,"60,926"
1094,13138,N
1095,13140,"72,646"
1096,13141,"75,167"
1097,13142,"86,977"
1098,13143,"67,180"
1099,13144,"62,573"
1100,13145,"58,573"
1101,13146,"67,075"
1102,13147,"61,556"
1103,13148,"67,986"
1104,13152,"141,874"
1105,13153,"76,925"
1106,13155,"73,830"
1107,13156,"69,027"
1108,13157,"48,863"
1109,13158,"79,032"
1110,13159,"105,022"
1111,13160,"85,730"
1112,13162,"77,961"
1113,13163,"69,359"
1114,13164,"94,007"
1115,13165,"68,476"
1116,13166,"80,199"
1117,13167,"75,683"
1118,13202,"38,318"
1119,13203,"58,714"
1120,13204,"48,413"
1121,13205,"46,487"
1122,13206,"63,246"
1123,13207,"65,268"
1124,13208,"53,833"
1125,13209,"65,737"
1126,13210,"49,815"
1127,13211,"70,032"
1128,13212,"77,347"
1129,13214,"91,287"
1130,13215,"108,812"
1131,13219,"85,477"
1132,13224,"88,779"
1133,13290,-
1134,13301,"101,424"
1135,13302,"58,563"
1136,13303,"82,112"
1137,13304,"92,341"
1138,13305,"53,499"
1139,13308,"81,847"
1140,13309,"72,247"
1141,13310,"65,534"
1142,13312,"72,449"
1143,13313,"61,472"
1144,13314,"78,223"
1145,13315,"73,445"
1146,13316,"63,922"
1147,13317,"64,977"
1148,13318,"80,415"
1149,13319,"50,861"
1150,13320,"72,630"
1151,13321,"49,830"
1152,13322,"79,958"
1153,13323,"93,507"
1154,13324,"70,395"
1155,13325,"62,299"
1156,13326,"96,077"
1157,13327,"66,230"
1158,13328,"97,127"
1159,13329,"56,585"
1160,13331,"161,885"
1161,13332,"72,338"
1162,13333,"37,223"
1163,13334,"59,824"
1164,13335,"63,466"
1165,13337,"97,115"
1166,13338,"69,660"
1167,13339,"63,166"
1168,13340,"80,653"
1169,13341,"78,141"
1170,13342,"73,139"
1171,13343,"75,624"
1172,13345,"71,909"
1173,13346,"75,071"
1174,13348,"83,860"
1175,13350,"67,221"
1176,13352,N
1177,13353,"61,727"
1178,13354,"85,745"
1179,13355,"146,163"
1180,13357,"67,680"
1181,13360,"90,994"
1182,13361,"67,588"
1183,13362,"75,639"
1184,13363,"89,081"
1185,13364,"69,785"
1186,13365,"77,232"
1187,13367,"72,978"
1188,13368,"58,624"
1189,13402,"72,493"
1190,13403,"99,235"
1191,13404,"37,594"
1192,13406,"60,367"
1193,13407,"65,768"
1194,13408,"64,939"
1195,13409,"63,823"
1196,13410,"44,876"
1197,13411,"67,787"
1198,13413,"107,338"
1199,13415,"133,150"
1200,13416,"69,853"
1201,13417,"54,739"
1202,13418,"75,786"
1203,13420,"82,955"
1204,13421,"69,639"
1205,13424,"79,640"
1206,13425,"77,752"
1207,13428,"63,274"
1208,13431,"95,366"
1209,13433,"53,801"
1210,13435,"78,275"
1211,13436,"61,483"
1212,13437,"62,949"
1213,13438,"76,271"
1214,13439,"63,575"
1215,13440,"68,995"
1216,13441,"53,321"
1217,13450,"76,930"
1218,13452,"62,559"
1219,13454,"70,899"
1220,13456,"97,438"
1221,13459,"75,047"
1222,13460,"69,518"
1223,13461,"79,984"
1224,13464,"63,143"
1225,13468,"66,962"
1226,13469,"113,073"
1227,13470,"64,627"
1228,13471,"63,295"
1229,13472,N
1230,13473,"82,458"
1231,13475,N
1232,13476,"76,979"
1233,13477,"126,963"
1234,13478,"78,604"
1235,13480,"70,802"
1236,13483,"74,551"
1237,13484,N
1238,13485,"62,824"
1239,13486,"80,984"
1240,13488,"89,434"
1241,13489,"61,900"
1242,13490,"88,061"
1243,13491,"73,412"
1244,13492,"86,763"
1245,13493,"61,200"
1246,13494,"73,191"
1247,13495,"59,160"
1248,13501,"62,863"
1249,13502,"66,207"
1250,13601,"66,134"
1251,13602,"59,761"
1252,13603,"56,831"
1253,13605,"67,722"
1254,13606,"67,790"
1255,13607,"153,756"
1256,13608,"64,766"
1257,13612,"75,053"
1258,13613,"62,575"
1259,13614,"50,931"
1260,13615,"85,628"
1261,13616,"67,371"
1262,13617,"77,640"
1263,13618,"70,412"
1264,13619,"65,771"
1265,13620,"62,142"
1266,13621,"66,056"
1267,13622,"79,991"
1268,13623,"50,089"
1269,13624,"79,686"
1270,13625,"68,243"
1271,13626,"74,687"
1272,13628,"64,109"
1273,13630,"55,705"
1274,13633,"58,102"
1275,13634,"82,816"
1276,13635,"63,073"
1277,13636,"67,438"
1278,13637,"70,777"
1279,13638,"45,739"
1280,13639,"52,620"
1281,13640,"78,128"
1282,13641,"47,585"
1283,13642,"57,099"
1284,13643,-
1285,13646,"67,473"
1286,13647,"47,187"
1287,13648,"63,032"
1288,13650,"78,748"
1289,13651,"103,590"
1290,13652,"74,558"
1291,13654,"66,179"
1292,13655,"60,083"
1293,13656,"69,557"
1294,13658,"75,497"
1295,13659,"60,913"
1296,13660,"70,119"
1297,13661,"83,775"
1298,13662,"67,199"
1299,13664,"77,589"
1300,13665,"59,112"
1301,13666,"53,530"
1302,13667,"54,459"
1303,13668,"87,061"
1304,13669,"65,992"
1305,13670,"50,018"
1306,13672,"72,237"
1307,13673,"72,684"
1308,13674,"50,151"
1309,13675,"84,161"
1310,13676,"69,609"
1311,13677,N
1312,13678,"58,812"
1313,13679,"80,602"
1314,13680,"72,746"
1315,13681,"61,516"
1316,13682,"87,515"
1317,13684,"55,445"
1318,13685,"84,722"
1319,13687,"66,154"
1320,13690,"55,373"
1321,13691,"68,285"
1322,13692,"223,530"
1323,13693,"52,637"
1324,13694,"75,998"
1325,13695,"77,913"
1326,13696,N
1327,13697,"62,659"
1328,13730,"73,013"
1329,13731,"75,956"
1330,13732,"93,533"
1331,13733,"56,999"
1332,13734,"60,438"
1333,13736,"77,807"
1334,13739,"71,319"
1335,13740,"103,977"
1336,13743,"80,483"
1337,13744,"72,178"
1338,13746,"72,357"
1339,13748,"67,920"
1340,13750,"73,056"
1341,13751,"48,057"
1342,13752,"77,542"
1343,13753,"71,980"
1344,13754,"57,105"
1345,13755,"69,915"
1346,13756,"66,399"
1347,13757,"68,178"
1348,13760,"74,015"
1349,13774,"46,552"
1350,13775,"74,695"
1351,13776,"68,818"
1352,13777,"81,565"
1353,13778,"68,260"
1354,13780,"64,846"
1355,13782,"76,192"
1356,13783,"57,749"
1357,13784,"63,517"
1358,13786,"49,553"
1359,13787,"61,615"
1360,13788,"80,116"
1361,13790,"62,607"
1362,13794,"36,442"
1363,13795,"69,117"
1364,13796,"67,762"
1365,13797,"72,697"
1366,13801,"72,689"
1367,13802,"52,301"
1368,13803,"69,647"
1369,13804,"57,029"
1370,13806,"63,369"
1371,13807,"83,247"
1372,13808,"104,927"
1373,13809,"60,311"
1374,13810,"96,834"
1375,13811,"82,126"
1376,13812,"79,534"
1377,13813,"68,925"
1378,13815,"68,455"
1379,13820,"66,426"
1380,13825,"65,548"
1381,13826,-
1382,13827,"73,754"
1383,13830,"63,421"
1384,13832,"61,217"
1385,13833,"62,002"
1386,13834,"51,296"
1387,13835,"64,211"
1388,13838,"55,239"
1389,13839,"61,680"
1390,13841,"68,385"
1391,13842,"86,319"
1392,13843,"63,536"
1393,13844,"65,088"
1394,13845,N
1395,13846,"44,718"
1396,13847,"87,065"
1397,13849,"57,852"
1398,13850,"98,944"
1399,13856,"53,713"
1400,13859,"91,532"
1401,13860,N
1402,13861,"64,138"
1403,13862,"66,933"
1404,13863,"60,354"
1405,13864,"58,492"
1406,13865,"63,653"
1407,13901,"70,471"
1408,13902,-
1409,13903,"71,190"
1410,13904,"62,620"
1411,13905,"65,292"
1412,14001,"83,663"
1413,14004,"79,128"
1414,14005,"97,857"
1415,14006,"70,093"
1416,14008,"80,683"
1417,14009,"75,137"
1418,14011,"83,889"
1419,14012,"72,058"
1420,14013,"62,747"
1421,14020,"66,856"
1422,14024,"77,561"
1423,14025,"90,273"
1424,14026,"67,380"
1425,14028,"80,354"
1426,14030,"83,272"
1427,14031,"120,245"
1428,14032,"168,114"
1429,14033,"83,696"
1430,14034,"70,973"
1431,14035,"75,243"
1432,14036,"89,396"
1433,14037,"76,405"
1434,14039,"47,271"
1435,14040,"82,613"
1436,14041,"72,314"
1437,14042,"60,017"
1438,14043,"75,773"
1439,14047,"80,691"
1440,14048,"54,626"
1441,14051,"133,679"
1442,14052,"105,868"
1443,14054,"70,911"
1444,14055,"72,454"
1445,14057,"93,707"
1446,14058,"80,435"
1447,14059,"116,964"
1448,14060,"57,031"
1449,14061,"64,561"
1450,14062,"66,296"
1451,14063,"76,064"
1452,14065,"63,232"
1453,14066,"62,741"
1454,14067,"83,294"
1455,14068,"135,435"
1456,14069,"75,885"
1457,14070,"63,220"
1458,14072,"103,643"
1459,14075,"89,792"
1460,14080,"87,763"
1461,14081,"58,288"
1462,14082,"91,032"
1463,14085,"103,632"
1464,14086,"103,198"
1465,14091,"91,251"
1466,14092,"76,580"
1467,14094,"76,262"
1468,14098,"71,373"
1469,14101,"64,053"
1470,14102,"120,443"
1471,14103,"66,313"
1472,14105,"74,388"
1473,14108,"77,754"
1474,14109,-
1475,14111,"72,812"
1476,14112,N
1477,14113,"67,365"
1478,14120,"81,336"
1479,14125,"70,421"
1480,14126,"89,591"
1481,14127,"116,534"
1482,14129,"72,423"
1483,14130,"55,406"
1484,14131,"93,746"
1485,14132,"82,549"
1486,14134,"76,229"
1487,14135,"156,003"
1488,14136,"71,658"
1489,14138,"70,584"
1490,14139,"88,185"
1491,14141,"77,542"
1492,14143,"75,734"
1493,14145,"87,833"
1494,14150,"70,564"
1495,14167,"76,875"
1496,14168,N
1497,14169,"41,733"
1498,14170,"112,420"
1499,14171,"68,396"
1500,14172,"75,064"
1501,14173,"73,589"
1502,14174,"97,798"
1503,14201,"48,266"
1504,14202,"88,073"
1505,14203,"52,882"
1506,14204,"39,337"
1507,14206,"53,769"
1508,14207,"48,110"
1509,14208,"45,159"
1510,14209,"55,621"
1511,14210,"52,233"
1512,14211,"43,863"
1513,14212,"41,972"
1514,14213,"58,248"
1515,14214,"69,483"
1516,14215,"50,766"
1517,14216,"81,205"
1518,14217,"73,654"
1519,14218,"54,700"
1520,14219,"65,591"
1521,14220,"69,065"
1522,14221,"113,912"
1523,14222,"98,445"
1524,14223,"82,875"
1525,14224,"80,279"
1526,14225,"64,368"
1527,14226,"100,785"
1528,14227,"66,219"
1529,14228,"77,708"
1530,14261,N
1531,14301,"44,781"
1532,14302,"3,208"
1533,14303,"54,476"
1534,14304,"70,162"
1535,14305,"58,382"
1536,14411,"59,502"
1537,14414,"84,827"
1538,14415,"47,452"
1539,14416,"81,253"
1540,14418,"58,980"
1541,14420,"72,724"
1542,14422,"74,916"
1543,14423,"72,574"
1544,14424,"94,236"
1545,14425,"88,231"
1546,14427,"60,680"
1547,14428,"92,739"
1548,14432,"80,407"
1549,14433,"58,976"
1550,14435,"118,128"
1551,14437,"68,855"
1552,14441,"48,619"
1553,14445,"69,192"
1554,14450,"109,344"
1555,14454,"75,343"
1556,14456,"70,955"
1557,14462,"77,438"
1558,14464,"77,390"
1559,14466,"77,912"
1560,14467,"80,870"
1561,14468,"87,505"
1562,14469,"76,264"
1563,14470,"77,176"
1564,14471,"71,142"
1565,14472,"131,400"
1566,14475,"108,052"
1567,14476,"86,177"
1568,14477,"87,354"
1569,14478,"112,314"
1570,14479,"57,729"
1571,14480,"76,567"
1572,14481,"77,308"
1573,14482,"73,223"
1574,14485,"77,069"
1575,14486,"104,767"
1576,14487,"84,334"
1577,14489,"63,932"
1578,14502,"84,795"
1579,14504,"61,457"
1580,14505,"71,796"
1581,14506,"115,778"
1582,14507,"76,114"
1583,14510,"63,764"
1584,14511,"52,342"
1585,14512,"76,388"
1586,14513,"67,288"
1587,14514,"87,825"
1588,14516,"73,524"
1589,14517,"61,256"
1590,14519,"94,231"
1591,14521,"72,446"
1592,14522,"85,635"
1593,14525,"78,099"
1594,14526,"102,591"
1595,14527,"72,110"
1596,14529,N
1597,14530,"60,068"
1598,14532,"69,161"
1599,14533,"71,329"
1600,14534,"164,690"
1601,14536,"52,411"
1602,14537,"47,023"
1603,14539,"66,923"
1604,14541,"83,283"
1605,14542,"54,924"
1606,14543,"100,292"
1607,14544,"63,394"
1608,14545,"85,708"
1609,14546,"78,847"
1610,14548,"81,840"
1611,14549,"51,536"
1612,14550,"54,913"
1613,14551,"68,505"
1614,14555,"67,132"
1615,14559,"96,498"
1616,14560,"69,603"
1617,14561,"75,646"
1618,14564,"123,218"
1619,14568,"94,947"
1620,14569,"72,615"
1621,14571,"75,460"
1622,14572,"65,319"
1623,14580,"100,710"
1624,14585,"45,371"
1625,14586,"96,021"
1626,14588,"77,299"
1627,14589,"93,725"
1628,14590,"62,874"
1629,14591,"85,563"
1630,14592,"85,277"
1631,14604,"78,004"
1632,14605,"44,375"
1633,14606,"60,933"
1634,14607,"66,633"
1635,14608,"44,502"
1636,14609,"63,098"
1637,14610,"106,962"
1638,14611,"40,014"
1639,14612,"83,517"
1640,14613,"43,124"
1641,14614,"41,380"
1642,14615,"59,569"
1643,14616,"66,028"
1644,14617,"89,065"
1645,14618,"156,076"
1646,14619,"65,580"
1647,14620,"68,378"
1648,14621,"41,040"
1649,14622,"76,660"
1650,14623,"62,978"
1651,14624,"87,191"
1652,14625,"101,222"
1653,14626,"82,050"
1654,14627,-
1655,14701,"54,389"
1656,14706,"75,185"
1657,14707,"63,868"
1658,14708,"71,551"
1659,14709,"73,635"
1660,14710,"77,211"
1661,14711,"64,892"
1662,14712,"92,480"
1663,14714,"80,541"
1664,14715,"52,142"
1665,14716,"47,998"
1666,14717,"49,157"
1667,14718,"63,986"
1668,14719,"61,862"
1669,14720,"46,578"
1670,14721,"37,231"
1671,14722,N
1672,14723,"72,145"
1673,14724,"72,014"
1674,14726,"54,697"
1675,14727,"67,092"
1676,14728,"67,416"
1677,14729,"70,740"
1678,14731,"79,089"
1679,14732,"52,593"
1680,14733,"57,329"
1681,14735,"56,610"
1682,14736,"79,507"
1683,14737,"60,268"
1684,14738,"55,391"
1685,14739,"50,898"
1686,14740,"71,294"
1687,14741,"72,750"
1688,14742,"69,819"
1689,14743,"53,722"
1690,14744,"70,983"
1691,14747,"78,008"
1692,14748,"64,715"
1693,14750,"93,427"
1694,14752,"62,696"
1695,14753,"52,343"
1696,14754,"62,149"
1697,14755,"60,783"
1698,14756,N
1699,14757,"81,975"
1700,14760,"61,826"
1701,14767,"72,512"
1702,14769,"58,407"
1703,14770,"65,024"
1704,14772,"67,312"
1705,14774,"144,772"
1706,14775,"70,218"
1707,14777,"86,611"
1708,14778,-
1709,14779,"51,482"
1710,14781,"59,252"
1711,14782,"52,702"
1712,14783,"80,692"
1713,14784,"74,777"
1714,14787,"59,212"
1715,14788,N
1716,14801,"63,267"
1717,14802,"51,707"
1718,14803,"64,832"
1719,14804,"73,970"
1720,14805,"60,557"
1721,14806,"71,860"
1722,14807,"67,423"
1723,14808,"66,944"
1724,14809,"64,424"
1725,14810,"59,696"
1726,14812,"66,911"
1727,14813,"64,910"
1728,14814,"113,068"
1729,14815,"64,247"
1730,14816,"81,442"
1731,14817,"75,516"
1732,14818,"81,628"
1733,14819,"63,031"
1734,14820,"65,760"
1735,14821,"69,005"
1736,14822,"69,058"
1737,14823,"74,322"
1738,14824,"77,719"
1739,14825,"85,944"
1740,14826,"64,978"
1741,14827,"64,906"
1742,14830,"87,243"
1743,14836,"74,093"
1744,14837,"72,928"
1745,14838,"76,522"
1746,14839,"74,778"
1747,14840,"84,188"
1748,14841,"77,758"
1749,14842,"60,593"
1750,14843,"57,558"
1751,14845,"79,606"
1752,14846,"61,879"
1753,14847,"67,103"
1754,14850,"86,054"
1755,14853,-
1756,14854,N
1757,14855,"54,142"
1758,14856,"24,033"
1759,14858,"75,214"
1760,14859,"69,016"
1761,14860,"64,210"
1762,14861,"63,136"
1763,14864,"64,239"
1764,14865,"55,761"
1765,14867,"75,738"
1766,14869,"69,237"
1767,14870,"100,974"
1768,14871,"84,227"
1769,14872,"87,319"
1770,14873,"62,258"
1771,14874,"65,398"
1772,14877,"66,279"
1773,14878,"115,358"
1774,14879,"61,260"
1775,14880,"53,579"
1776,14881,"120,187"
1777,14882,"115,349"
1778,14883,"74,185"
1779,14884,"77,570"
1780,14885,"65,288"
1781,14886,"80,027"
1782,14889,"68,077"
1783,14891,"67,425"
1784,14892,"66,660"
1785,14893,-
1786,14894,"70,022"
1787,14895,"75,033"
1788,14897,"54,081"
1789,14898,"61,189"
1790,14901,"50,383"
1791,14903,"97,886"
1792,14904,"57,285"
1793,14905,"81,371"
