,Unnamed: 0,DistrictName,GraduationPercentageRate,DropoutPercentageRate,FundingPerStudent,TotalEnrolled,MalesEnrolled,FemalesEnrolled,Percentage of Minority Students,HouseholdIncome
0,0,ADDISON CSD,90,3,23833.02,976,503,473,3.2,59328.0
1,1,ADIRONDACK CSD,92,5,14013.61,1145,575,570,1.7,63986.357142857145
2,2,AFTON CSD,83,10,24128.02,507,262,245,8.9,54818.28571428572
3,3,AKRON CSD,95,3,17552.56,1334,667,667,17.5,76903.75
4,4,ALBANY CITY SCHOOL DISTRICT,71,12,22382.65,8610,4444,4166,80.2,61049.181818181816
5,5,ALBION CSD,85,11,15094.95,1781,887,894,25.5,60784.28571428572
6,6,ALDEN CSD,96,1,16574.76,1581,783,798,4.2,80543.77777777778
7,7,ALEXANDER CSD,95,2,19435.51,787,378,409,6.5,67828.57142857143
8,8,ALEXANDRIA CSD,88,5,21219.66,472,232,240,5.3,55344.5
9,9,ALFRED-ALMOND CSD,100,0,18461.16,601,329,272,9.7,51929.28571428572
10,10,ALLEGANY-LIMESTONE CSD,87,4,16367.35,1103,574,529,8.1,49249.8
11,11,ALTMAR-PARISH-WILLIAMSTOWN CSD,82,9,23307.26,1067,537,530,6.4,62701.6
12,12,AMAGANSETT UFSD,—,—,97583.8,64,30,34,39.1,114088.66666666669
13,13,AMHERST CSD,93,1,15755.19,2925,1516,1409,33.1,69733.66666666667
14,14,AMITYVILLE UFSD,85,7,23455.51,2997,1594,1403,95.4,109412.0
15,15,AMSTERDAM CITY SCHOOL DISTRICT,84,6,17207.22,3586,1838,1748,59.3,65237.57142857143
16,16,ANDES CSD,100,0,38857.67,65,35,30,10.8,56633.857142857145
17,17,ANDOVER CSD,89,4,24277.59,278,127,151,2.9,49658.6
18,18,ARDSLEY UFSD,97,0,25178.37,2325,1257,1068,42.5,158208.7142857143
19,19,ARGYLE CSD,86,11,23262.18,463,233,230,5.4,62666.25
20,20,ARKPORT CSD,100,0,19505.93,459,241,218,6.1,57429.4
21,21,ARLINGTON CSD,91,3,21035.77,7963,3966,3997,34.4,90955.71428571428
22,22,ATTICA CSD,91,2,20326.08,1160,574,586,4.7,66734.22222222222
23,23,AUBURN CITY SCHOOL DISTRICT,76,12,15909.72,4106,2124,1982,23.0,51517.0
24,24,AUSABLE VALLEY CSD,88,11,23515.55,1112,561,551,3.4,72556.14285714286
25,25,AVERILL PARK CSD,94,3,18170.81,2663,1336,1327,8.7,84931.25
26,26,AVOCA CSD,95,3,23182.35,421,216,205,6.9,49992.16666666666
27,27,AVON CSD,93,2,15986.52,1007,518,489,11.9,75221.8
28,28,BABYLON UFSD,96,0,29037.85,1555,787,768,24.2,112620.0
29,29,BAINBRIDGE-GUILFORD CSD,96,0,18604.94,773,394,379,9.6,51899.857142857145
30,30,BALDWIN UFSD,95,0,24058.03,4477,2360,2117,87.9,98237.4
31,31,BALDWINSVILLE CSD,93,4,16551.37,5390,2816,2574,12.4,70991.0
32,32,BALLSTON SPA CSD,89,6,17822.98,4064,2105,1959,8.3,86613.83333333333
33,33,BARKER CSD,92,2,20097.18,699,365,334,12.4,62311.71428571428
34,34,BATAVIA CITY SCHOOL DISTRICT,94,2,19357.91,2190,1156,1034,27.9,60567.0
35,35,BATH CSD,90,6,14747.3,1419,722,697,4.0,52368.57142857143
36,36,BAY SHORE UFSD,87,4,23456.92,5848,2990,2858,72.2,116545.0
37,37,BAYPORT-BLUE POINT UFSD,98,0,30894.87,2080,1047,1033,15.0,110745.75
38,38,BEACON CITY SCHOOL DISTRICT,88,6,20683.23,2723,1358,1365,55.3,84118.33333333333
39,39,BEAVER RIVER CSD,91,1,15124.46,871,456,415,2.6,52416.5
40,40,BEDFORD CSD,86,4,29882.43,3902,1993,1909,48.4,151156.8
41,41,BEEKMANTOWN CSD,94,3,15225.58,1915,997,918,5.5,60106.66666666666
42,42,BELFAST CSD,81,0,22753.52,322,167,155,4.0,51402.28571428572
43,43,BELLEVILLE-HENDERSON CSD,92,0,16968.41,463,240,223,8.4,
44,44,BELLMORE UFSD,—,—,28180.7,946,475,471,23.2,146297.33333333334
45,45,BELLMORE-MERRICK CENTRAL HS DISTRICT,97,0,25413.48,5272,2672,2600,21.7,
46,46,BEMUS POINT CSD,98,2,17784.12,621,331,290,3.7,54523.0
47,47,BERKSHIRE UFSD,—,—,,83,72,11,61.4,
48,48,BERLIN CSD,82,13,24974.93,673,349,324,3.6,79717.375
49,49,BERNE-KNOX-WESTERLO CSD,92,1,24220.44,716,366,350,6.0,77819.2
50,50,BETHLEHEM CSD,94,3,17185.56,4336,2205,2131,16.0,89023.66666666667
51,51,BETHPAGE UFSD,95,1,26750.9,2945,1455,1490,37.3,130513.4
52,52,BINGHAMTON CITY SCHOOL DISTRICT,73,16,20117.55,4946,2535,2411,58.3,48095.0
53,53,BLIND BROOK-RYE UFSD,99,0,27396.38,1364,688,676,22.3,125493.0
54,54,BOLIVAR-RICHBURG CSD,94,5,21660.27,697,385,312,3.0,52773.833333333336
55,55,BOLTON CSD,86,0,38860.88,179,91,88,10.1,82051.0
56,56,BOQUET VALLEY CSD,92,8,29438.51,410,220,190,2.4,
57,57,BRADFORD CSD,97,3,25011.05,237,118,119,2.5,57434.0
58,58,BRASHER FALLS CSD,86,8,18091.67,964,479,485,6.2,52303.6
59,59,BRENTWOOD UFSD,76,12,19390.0,18826,9652,9174,97.1,98721.0
60,60,BREWSTER CSD,88,6,26271.8,3066,1616,1450,49.2,103172.66666666669
61,61,BRIARCLIFF MANOR UFSD,97,1,30106.31,1390,732,658,32.4,166958.5
62,62,BRIDGEHAMPTON UFSD,86,7,60852.77,209,109,100,77.5,115114.0
63,63,BRIGHTON CSD,95,1,18309.26,3518,1766,1752,32.0,79012.8
64,64,BROADALBIN-PERTH CSD,90,6,16438.42,1681,853,828,5.1,59113.75
65,65,BROCKPORT CSD,91,2,19153.63,3168,1625,1543,20.5,68815.57142857143
66,66,BROCTON CSD,88,7,22092.47,509,231,278,18.1,54416.16666666666
67,68,BRONXVILLE UFSD,97,0,25738.45,1642,863,779,19.9,108142.0
68,69,BROOKFIELD CSD,82,14,24173.83,207,94,113,1.4,57008.16666666666
69,70,BROOKHAVEN-COMSEWOGUE UFSD,92,4,22056.41,3683,1813,1870,41.8,118550.6
70,72,BRUNSWICK CSD (BRITTONKILL),88,4,17579.17,1149,585,564,10.5,80701.55555555556
71,73,BRUSHTON-MOIRA CSD,83,5,20707.52,761,400,361,2.8,52123.42857142857
72,74,BUFFALO CITY SCHOOL DISTRICT,76,12,18959.77,30674,15520,15154,81.0,43318.85
73,75,BURNT HILLS-BALLSTON LAKE CSD,96,2,17703.0,3082,1562,1520,7.9,89112.28571428571
74,76,BYRAM HILLS CSD,99,0,34560.05,2274,1159,1115,17.1,147694.2857142857
75,77,BYRON-BERGEN CSD,98,1,21604.84,828,385,443,11.5,66222.75
76,78,CAIRO-DURHAM CSD,92,5,21073.84,1179,601,578,18.7,63166.26666666667
77,79,CALEDONIA-MUMFORD CSD,97,1,18494.78,755,367,388,6.8,66146.16666666667
78,80,CAMBRIDGE CSD,93,6,20247.7,823,420,403,7.8,75838.28571428571
79,81,CAMDEN CSD,86,6,19020.69,1963,983,980,6.1,61254.09090909091
80,82,CAMPBELL-SAVONA CSD,95,3,20618.32,791,373,418,5.4,56361.833333333336
81,83,CANAJOHARIE CSD,94,4,21495.74,818,416,402,6.2,59828.0
82,84,CANANDAIGUA CITY SCHOOL DISTRICT,92,4,17678.85,3357,1720,1637,12.7,72225.6
83,85,CANASERAGA CSD,71,18,24196.83,199,94,105,5.5,56816.0
84,86,CANASTOTA CSD,84,7,17657.1,1275,645,630,10.0,72601.0
85,87,CANDOR CSD,93,3,19391.18,718,354,364,7.2,60132.5
86,88,CANISTEO-GREENWOOD CSD,93,4,22874.26,935,495,440,4.3,50768.0
87,89,CANTON CSD,82,1,20152.15,1171,610,561,7.3,54204.0
88,90,CARLE PLACE UFSD,98,0,32591.09,1358,712,646,35.4,104753.33333333331
89,91,CARMEL CSD,92,3,27298.65,3979,2034,1945,37.6,110606.5
90,92,CARTHAGE CSD,89,5,17149.15,3065,1602,1463,25.9,53290.63636363636
91,93,CASSADAGA VALLEY CSD,88,7,20862.54,799,422,377,6.0,55387.625
92,94,CATO-MERIDIAN CSD,89,5,18088.09,860,449,411,8.1,64765.75
93,95,CATSKILL CSD,91,4,24088.35,1350,668,682,32.9,58658.833333333336
94,96,CATTARAUGUS-LITTLE VALLEY CSD,93,4,19362.54,858,431,427,6.9,52411.0
95,97,CAZENOVIA CSD,94,2,17708.25,1360,727,633,6.0,69543.875
96,98,CENTER MORICHES UFSD,93,1,24593.36,1513,788,725,26.8,99102.0
97,99,CENTRAL ISLIP UFSD,88,1,21656.92,7571,3929,3642,96.1,101402.4
98,100,CENTRAL SQUARE CSD,87,8,17310.54,3580,1827,1753,6.1,67685.72727272728
99,101,CENTRAL VALLEY CSD AT ILION-MOHAWK,87,5,15522.11,2082,1025,1057,9.4,
100,102,CHAPPAQUA CSD,99,0,29069.23,3625,1870,1755,25.9,171975.0
101,103,CHARLOTTE VALLEY CSD,0,4,19819.35,382,202,180,7.3,53881.75
102,104,CHATEAUGAY CSD,97,3,20495.72,451,243,208,1.3,56603.8
103,105,CHATHAM CSD,94,4,25024.45,971,491,480,13.0,80405.75
104,106,CHAUTAUQUA LAKE CSD,85,3,23416.94,706,328,378,5.1,57115.57142857143
105,107,CHAZY UFSD,94,6,19209.93,455,234,221,5.7,63384.5
106,108,CHEEKTOWAGA CSD,87,7,16544.11,2138,1109,1029,60.4,47551.0
107,109,CHEEKTOWAGA-MARYVALE UFSD,87,5,15434.4,2087,1081,1006,27.8,58342.0
108,110,CHEEKTOWAGA-SLOAN UFSD,86,5,19755.19,1232,641,591,23.5,47314.75
109,111,CHENANGO FORKS CSD,93,0,18273.44,1340,727,613,7.8,50343.4
110,112,CHENANGO VALLEY CSD,91,5,18101.82,1648,841,807,10.7,47896.4
111,113,CHERRY VALLEY-SPRINGFIELD CSD,79,3,24150.04,422,219,203,2.1,57554.75
112,114,CHESTER UFSD,90,1,24039.21,986,489,497,53.5,101327.0
113,115,CHITTENANGO CSD,90,3,17253.94,1904,971,933,8.4,78756.5
114,116,CHURCHVILLE-CHILI CSD,91,2,15793.94,3751,1944,1807,23.1,74812.2
115,117,CINCINNATUS CSD,90,5,21748.43,514,239,275,2.3,54469.181818181816
116,118,CLARENCE CSD,95,2,15613.47,4228,2170,2058,12.1,89974.14285714286
117,119,CLARKSTOWN CSD,95,1,22878.82,7821,4098,3723,42.0,124982.33333333331
118,120,CLEVELAND HILL UFSD,85,6,18076.74,1254,634,620,52.4,53987.0
119,121,CLIFTON-FINE CSD,77,0,28678.72,276,134,142,8.3,46749.0
120,122,CLINTON CSD,96,1,17575.94,1258,649,609,9.2,71630.0
121,123,CLYDE-SAVANNAH CSD,78,17,21555.55,754,385,369,15.1,53507.6
122,124,CLYMER CSD,93,0,21086.05,414,221,193,9.4,53945.6
123,125,COBLESKILL-RICHMONDVILLE CSD,93,3,20054.26,1639,878,761,10.0,57302.22222222222
124,126,COHOES CITY SCHOOL DISTRICT,84,11,17770.18,1873,943,930,28.9,60444.0
125,127,COLD SPRING HARBOR CSD,99,0,33287.48,1635,838,797,13.9,140247.0
126,128,COLTON-PIERREPONT CSD,94,0,22481.64,339,169,170,0.6,56456.833333333336
127,129,COMMACK UFSD,97,0,26170.47,5875,3018,2857,23.3,122854.0
128,130,CONNETQUOT CSD,95,2,28395.35,5509,2786,2723,26.7,108287.0
129,131,COOPERSTOWN CSD,99,1,19740.77,818,413,405,8.8,63359.0
130,132,COPENHAGEN CSD,100,0,18762.25,393,212,181,7.6,61598.0
131,133,COPIAGUE UFSD,89,7,18858.63,4965,2443,2522,87.7,99989.25
132,134,CORINTH CSD,86,6,15265.53,1139,586,553,4.8,77271.8
133,135,CORNING CITY SCHOOL DISTRICT,88,6,19702.53,4551,2359,2192,13.5,64176.90909090909
134,136,CORNWALL CSD,96,3,18883.36,3102,1632,1470,35.5,112038.0
135,137,CORTLAND CITY SCHOOL DISTRICT,80,7,18587.04,2132,1092,1040,15.1,61464.0
136,138,COXSACKIE-ATHENS CSD,82,7,20955.92,1242,679,563,15.5,68206.25
137,139,CROTON-HARMON UFSD,96,0,23468.52,1584,820,764,28.7,111839.33333333331
138,140,CROWN POINT CSD,95,5,20638.87,286,135,151,0.7,55082.75
139,141,CUBA-RUSHFORD CSD,92,0,19895.03,780,433,347,5.0,53610.27272727273
140,142,DALTON-NUNDA CSD (KESHEQUA),98,0,20242.29,589,297,292,2.5,54371.875
141,143,DANSVILLE CSD,85,10,17846.3,1304,652,652,6.7,63313.444444444445
142,144,DEER PARK UFSD,92,1,24053.21,3864,1984,1880,63.6,105121.5
143,145,DELAWARE ACADEMY CSD AT DELHI,90,0,20269.67,747,379,368,5.5,
144,146,DEPEW UFSD,85,5,16749.58,1784,905,879,14.9,67225.33333333333
145,147,DEPOSIT CSD,97,3,26448.82,458,242,216,3.9,51873.22222222222
146,148,DERUYTER CSD,88,6,24461.18,326,168,158,7.4,55705.4
147,149,DOBBS FERRY UFSD,99,0,27547.73,1516,783,733,35.2,154429.5
148,150,DOLGEVILLE CSD,87,9,17450.78,815,393,422,1.5,57175.66666666666
149,151,DOVER UFSD,84,6,20364.65,1351,691,660,38.3,79784.33333333333
150,152,DOWNSVILLE CSD,85,8,36396.35,207,98,109,7.7,56483.16666666666
151,153,DRYDEN CSD,68,14,22428.41,1364,699,665,15.8,62437.3
152,154,DUANESBURG CSD,98,2,18262.05,651,339,312,6.1,78887.5
153,155,DUNDEE CSD,68,23,20317.42,621,330,291,8.5,56795.0
154,156,DUNKIRK CITY SCHOOL DISTRICT,71,19,21073.97,1957,996,961,64.0,49307.5
155,157,EAST AURORA UFSD,97,1,14972.77,1758,902,856,5.6,83121.0
156,158,EAST BLOOMFIELD CSD,94,2,19459.4,816,420,396,8.5,75579.85714285714
157,159,EAST GREENBUSH CSD,96,2,17840.81,4088,2049,2039,21.1,82376.88888888889
158,160,EAST HAMPTON UFSD,83,9,32627.14,1712,852,860,62.6,118018.0
159,161,EAST IRONDEQUOIT CSD,90,6,21188.16,2945,1488,1457,55.6,51098.0
160,162,EAST ISLIP UFSD,95,2,27025.08,3549,1855,1694,27.2,114191.16666666669
161,163,EAST MEADOW UFSD,95,0,24954.87,7240,3643,3597,51.7,119341.0
162,164,EAST MORICHES UFSD,—,—,20972.97,684,335,349,18.9,109689.5
163,165,EAST QUOGUE UFSD,—,—,30127.26,390,203,187,34.6,84058.66666666667
164,166,EAST RAMAPO CSD (SPRING VALLEY),65,20,20759.17,9387,4909,4478,96.6,96434.0
165,167,EAST ROCHESTER UFSD,80,8,21751.23,957,488,469,27.3,90799.5
166,168,EAST ROCKAWAY UFSD,96,1,27495.82,1173,576,597,40.2,110850.0
167,169,EAST SYRACUSE MINOA CSD,90,1,20125.41,3138,1608,1530,14.9,
168,170,EAST WILLISTON UFSD,99,0,29899.6,1722,914,808,42.4,149491.6
169,171,EASTCHESTER UFSD,99,0,23455.55,3232,1684,1548,32.9,151468.33333333334
170,172,EASTPORT-SOUTH MANOR CSD,96,2,23188.7,3225,1646,1579,13.6,94368.22222222222
171,173,EDEN CSD,88,3,17729.04,1307,669,638,6.6,66202.57142857143
172,174,EDGEMONT UFSD,98,0,26154.46,2049,1061,988,54.8,152328.0
173,175,EDINBURG COMMON SCHOOL DISTRICT,—,—,37016.86,53,26,27,3.8,58945.5
174,176,EDMESTON CSD,91,3,21675.32,355,179,176,5.4,63899.857142857145
175,177,EDWARDS-KNOX CSD,83,5,20184.28,485,257,228,2.7,52895.5
176,178,ELBA CSD,80,16,21297.72,374,194,180,20.6,61557.75
177,179,ELDRED CSD,88,2,27604.29,464,224,240,14.4,61916.875
178,181,ELLENVILLE CSD,81,11,26476.75,1516,751,765,53.8,67510.26666666666
179,182,ELLICOTTVILLE CSD,92,3,17000.21,568,295,273,8.5,55898.0
180,183,ELMIRA CITY SCHOOL DISTRICT,73,16,18365.57,5544,2848,2696,28.6,55970.0
181,184,ELMIRA HEIGHTS CSD,88,6,17766.08,1018,503,515,12.8,55534.75
182,185,ELMONT UFSD,—,—,21485.41,3324,1690,1634,95.1,127021.16666666669
183,186,ELMSFORD UFSD,89,1,28619.63,967,494,473,91.9,127944.5
184,187,ELWOOD UFSD,98,1,25149.52,2049,1031,1018,37.1,131034.0
185,188,EVANS-BRANT CSD (LAKE SHORE),90,6,21444.49,2179,1124,1055,22.8,57504.42857142857
186,189,FABIUS-POMPEY CSD,92,0,23378.61,611,302,309,5.6,76135.66666666667
187,190,FAIRPORT CSD,94,2,18288.31,5683,2932,2751,14.9,89395.4
188,191,FALCONER CSD,90,5,15754.62,1119,574,545,6.0,50546.28571428572
189,192,FALLSBURG CSD,79,8,8070.27,1410,688,722,71.5,55982.8125
190,193,FARMINGDALE UFSD,95,3,26389.39,5521,2882,2639,41.0,114446.16666666669
191,194,FAYETTEVILLE-MANLIUS CSD,96,0,17546.6,4203,2114,2089,19.8,85551.28571428571
192,195,FILLMORE CSD,96,2,16259.19,639,320,319,4.2,52211.4
193,196,FIRE ISLAND UFSD,—,—,117584.61,30,14,16,26.7,109138.0
194,197,FISHERS ISLAND UFSD,90,0,53804.95,61,26,35,14.8,46250.0
195,198,FLORAL PARK-BELLEROSE UFSD,—,—,17858.44,1472,750,722,41.8,124949.0
196,199,FLORIDA UFSD,97,1,24475.23,789,399,390,39.4,102833.25
197,200,FONDA-FULTONVILLE CSD,92,6,17693.4,1245,635,610,7.1,61968.454545454544
198,201,FORESTVILLE CSD,90,4,19092.34,433,212,221,14.1,54393.71428571428
199,202,FORT ANN CSD,81,8,23523.79,421,244,177,6.9,76262.0
200,203,FORT EDWARD UFSD,74,21,22672.08,444,224,220,8.8,63169.0
201,204,FORT PLAIN CSD,86,2,20887.78,769,401,368,12.9,50001.0
202,205,FRANKFORT-SCHUYLER CSD,90,1,17334.49,893,457,436,6.8,56040.0
203,206,FRANKLIN CSD,100,0,24410.51,244,114,130,9.8,50803.857142857145
204,207,FRANKLIN SQUARE UFSD,—,—,16757.04,1832,953,879,41.8,128777.5
205,208,FRANKLINVILLE CSD,83,6,25123.2,594,293,301,7.9,53930.125
206,209,FREDONIA CSD,96,2,17255.21,1418,730,688,20.7,51986.5
207,210,FREEPORT UFSD,86,2,21484.73,6765,3582,3183,94.5,118306.25
208,211,FREWSBURG CSD,94,2,17462.27,777,378,399,6.0,49021.5
209,212,FRIENDSHIP CSD,78,9,29150.45,304,153,151,9.2,47778.0
210,213,FRONTIER CSD,91,3,14894.51,4612,2356,2256,11.8,74888.25
211,214,FULTON CITY SCHOOL DISTRICT,84,10,19719.91,3200,1659,1541,10.3,60755.75
212,215,GALWAY CSD,87,6,18867.04,800,392,408,1.1,76572.375
213,216,GANANDA CSD,90,5,18478.74,893,440,453,15.2,81453.0
214,217,GARDEN CITY UFSD,98,0,23500.03,3939,1964,1975,16.0,135299.66666666666
215,218,GARRISON UFSD,—,—,36524.49,207,109,98,27.5,122279.5
216,219,GATES CHILI CSD,86,4,19847.69,3698,1833,1865,43.8,
217,220,GENERAL BROWN CSD,93,4,13567.3,1388,711,677,6.0,62807.6
218,221,GENESEE VALLEY CSD,90,8,23997.0,478,243,235,5.0,53666.625
219,222,GENESEO CSD,93,3,18482.09,855,444,411,17.5,59282.2
220,223,GENEVA CITY SCHOOL DISTRICT,88,9,20180.79,1996,988,1008,57.1,58524.25
221,224,GEORGE JUNIOR REPUBLIC UFSD,41,53,,190,163,27,26.8,
222,225,GERMANTOWN CSD,93,7,5403.88,485,263,222,14.0,70628.0
223,226,GILBERTSVILLE-MOUNT UPTON CSD,92,3,23117.52,338,164,174,3.8,54588.625
224,227,GILBOA-CONESVILLE CSD,100,0,26541.08,294,167,127,4.8,56186.083333333336
225,228,GLEN COVE CITY SCHOOL DISTRICT,87,4,22819.95,3163,1613,1550,75.5,114053.5
226,229,GLENS FALLS CITY SCHOOL DISTRICT,84,8,17131.9,2022,1042,980,14.4,66618.0
227,230,GLENS FALLS COMMON SCHOOL DISTRICT,—,—,23169.56,157,72,85,19.7,66618.0
228,231,GLOVERSVILLE CITY SCHOOL DISTRICT,68,17,18618.2,2554,1310,1244,20.0,53646.4
229,232,GORHAM-MIDDLESEX CSD (MARCUS WHITMAN,87,4,19833.28,1119,582,537,3.2,
230,233,GOSHEN CSD,96,0,22102.68,2885,1458,1427,22.4,95000.0
231,234,GOUVERNEUR CSD,84,9,18367.44,1461,739,722,3.9,52115.0
232,235,GOWANDA CSD,82,14,24073.62,1063,511,552,35.7,53409.28571428572
233,236,GRAND ISLAND CSD,95,2,17396.91,2869,1462,1407,15.2,90386.0
234,237,GRANVILLE CSD,79,11,18308.97,1020,545,475,5.3,56732.75
235,238,GREAT NECK UFSD,93,2,28782.39,6586,3466,3120,56.0,140796.16666666666
236,239,GREECE CSD,93,0,16901.72,10504,5322,5182,42.1,56750.0
237,240,GREEN ISLAND UFSD,86,11,23487.08,263,117,146,19.0,49862.0
238,241,GREENBURGH CSD,93,0,34414.7,1581,803,778,87.9,124601.66666666669
239,242,GREENBURGH ELEVEN UFSD,22,33,,71,71,0,95.8,
240,243,GREENBURGH-GRAHAM UFSD,0,0,,102,60,42,88.2,
241,244,GREENBURGH-NORTH CASTLE UFSD,—,—,,395,259,136,76.2,
242,245,GREENE CSD,89,6,20546.04,924,479,445,5.3,51063.71428571428
243,246,GREENPORT UFSD,75,20,24403.49,660,351,309,72.7,79762.33333333333
244,247,GREENVILLE CSD,87,3,23538.21,1126,573,553,4.4,75317.46666666666
245,248,GREENWICH CSD,91,1,18651.65,945,496,449,5.1,77175.875
246,249,GREENWOOD LAKE UFSD,—,—,33865.79,474,236,238,35.2,92963.33333333331
247,250,GROTON CSD,90,3,19387.04,778,387,391,8.9,65364.75
248,251,GUILDERLAND CSD,94,2,17693.96,4841,2451,2390,26.5,75045.11111111111
249,252,HADLEY-LUZERNE CSD,89,7,25299.07,640,350,290,4.4,62414.71428571428
250,253,HALDANE CSD,93,3,25957.28,796,423,373,17.2,104061.0
251,254,HALF HOLLOW HILLS CSD,95,1,27791.97,7676,3950,3726,47.2,117510.14285714286
252,255,HAMBURG CSD,92,3,17076.46,3321,1649,1672,7.0,79445.83333333333
253,256,HAMILTON CSD,90,5,20603.59,554,303,251,8.7,56966.833333333336
254,257,HAMMOND CSD,74,16,26123.36,242,124,118,1.2,58918.5
255,258,HAMMONDSPORT CSD,76,11,27744.76,395,196,199,7.3,51205.75
256,259,HAMPTON BAYS UFSD,91,6,21642.94,2006,1048,958,63.1,92699.75
257,260,HANCOCK CSD,97,3,29004.88,308,159,149,9.4,54114.0
258,261,HANNIBAL CSD,82,10,19515.27,1236,649,587,4.0,54135.2
259,262,HARBORFIELDS CSD,95,1,24499.74,2965,1510,1455,28.1,135911.0
260,263,HARPURSVILLE CSD,84,3,21205.12,641,365,276,4.7,56108.57142857143
261,264,HARRISON CSD,98,1,28893.27,3653,1820,1833,35.2,137353.5
262,265,HARRISVILLE CSD,91,9,25442.94,340,175,165,5.6,50445.0
263,266,HARTFORD CSD,83,7,21509.8,410,230,180,6.3,57991.857142857145
264,267,HASTINGS-ON-HUDSON UFSD,96,1,27795.13,1656,840,816,28.5,137899.0
265,268,HAUPPAUGE UFSD,95,0,28953.45,3272,1725,1547,27.8,111789.0
266,269,HAVERSTRAW-STONY POINT CSD (NORTH RO,86,6,22215.24,7886,4031,3855,77.5,
267,270,HAWTHORNE-CEDAR KNOLLS UFSD,30,10,,207,133,74,90.3,
268,271,HEMPSTEAD UFSD,78,10,21489.7,6825,3624,3201,98.5,107137.0
269,272,HENDRICK HUDSON CSD,94,1,28567.9,2267,1146,1121,44.2,105085.0
270,273,HERKIMER CSD,82,9,16820.51,1059,550,509,10.7,57833.333333333336
271,274,HERMON-DEKALB CSD,91,6,21992.93,391,201,190,3.8,50376.5
272,275,HERRICKS UFSD,97,0,25834.33,4007,2067,1940,75.3,160936.33333333334
273,276,HEUVELTON CSD,75,8,21354.54,504,260,244,4.0,50010.71428571428
274,277,HEWLETT-WOODMERE UFSD,95,1,32708.8,2854,1511,1343,37.6,133385.75
275,278,HICKSVILLE UFSD,92,4,21799.6,5272,2747,2525,74.2,133881.83333333334
276,279,HIGHLAND CSD,93,4,22380.21,1666,840,826,30.3,66984.0
277,280,HIGHLAND FALLS CSD,87,8,23505.03,962,474,488,41.9,102260.4
278,281,HILTON CSD,94,1,15641.88,4295,2219,2076,12.0,66139.14285714286
279,282,HINSDALE CSD,77,20,20616.41,387,175,212,8.5,50180.5
280,283,HOLLAND CSD,95,2,18196.59,829,432,397,4.7,67787.77777777778
281,284,HOLLAND PATENT CSD,88,5,18430.98,1298,679,619,1.1,72809.5
282,285,HOLLEY CSD,94,2,19510.21,902,444,458,16.2,59784.2
283,286,HOMER CSD,88,6,18818.88,1831,951,880,6.7,75074.66666666667
284,287,HONEOYE CSD,94,0,23910.02,569,311,258,3.3,66354.875
285,288,HONEOYE FALLS-LIMA CSD,94,2,17749.56,2122,1136,986,8.1,84392.4
286,289,HOOSIC VALLEY CSD,92,3,18681.68,931,486,445,4.2,79609.83333333333
287,290,HOOSICK FALLS CSD,90,3,18103.91,1064,548,516,8.1,71795.4
288,292,HORNELL CITY SCHOOL DISTRICT,86,4,18297.48,1528,754,774,14.8,47783.0
289,293,HORSEHEADS CSD,92,3,16537.38,3842,1956,1886,13.2,60256.230769230766
290,294,HUDSON CITY SCHOOL DISTRICT,80,7,24261.33,1617,810,807,60.0,65495.16666666666
291,295,HUDSON FALLS CSD,79,13,14076.68,2259,1137,1122,10.2,64791.0
292,296,HUNTER-TANNERSVILLE CSD,85,4,30553.49,331,150,181,19.0,69565.5
293,297,HUNTINGTON UFSD,90,2,23794.52,4459,2307,2152,65.3,131281.5
294,298,HYDE PARK CSD,88,6,23435.59,3396,1735,1661,40.6,81705.0
295,300,INDIAN LAKE CSD,89,0,43135.85,100,45,55,7.0,59063.0
296,301,INDIAN RIVER CSD,87,7,19354.3,3543,1772,1771,34.3,53606.0
297,302,IROQUOIS CSD,98,1,20509.11,2127,1078,1049,5.4,76619.72727272728
298,303,IRVINGTON UFSD,92,0,29339.93,1776,936,840,31.7,131104.0
299,304,ISLAND PARK UFSD,—,—,32114.61,683,341,342,48.0,103508.0
300,305,ISLAND TREES UFSD,95,2,24009.41,2238,1139,1099,37.0,125811.66666666669
301,306,ISLIP UFSD,97,3,26255.56,2726,1347,1379,43.0,95089.0
302,307,ITHACA CITY SCHOOL DISTRICT,87,3,20297.74,5052,2578,2474,35.8,62676.5
303,308,JAMESTOWN CITY SCHOOL DISTRICT,74,14,15641.5,4479,2304,2175,38.3,42558.0
304,309,JAMESVILLE-DEWITT CSD,94,2,18413.64,2693,1404,1289,26.6,76430.0
305,310,JASPER-TROUPSBURG CSD,90,5,26007.34,401,216,185,2.2,52934.125
306,311,JEFFERSON CSD,92,4,26743.1,196,100,96,4.6,53163.66666666666
307,312,JERICHO UFSD,96,0,33337.94,3159,1692,1467,70.5,152512.57142857142
308,313,JOHNSBURG CSD,89,11,27133.01,301,157,144,3.7,57142.71428571428
309,314,JOHNSON CITY CSD,90,5,18386.55,2347,1187,1160,44.0,48683.25
310,315,JOHNSTOWN CITY SCHOOL DISTRICT,88,3,15993.37,1501,800,701,8.2,53323.0
311,316,JORDAN-ELBRIDGE CSD,94,5,18668.5,1112,585,527,5.4,70367.375
312,317,KATONAH-LEWISBORO UFSD,94,1,32363.39,2915,1501,1414,20.9,161824.5
313,318,KEENE CSD,92,8,34485.18,157,75,82,8.3,73752.5
314,319,KENDALL CSD,98,0,18527.39,684,356,328,10.1,60086.66666666666
315,320,KENMORE-TONAWANDA UFSD,88,5,19948.14,6648,3363,3285,26.4,54324.25
316,321,KINDERHOOK CSD,96,0,20073.39,1683,858,825,15.5,
317,322,KINGS PARK CSD,97,0,25791.61,2886,1440,1446,16.0,123713.0
318,323,KINGSTON CITY SCHOOL DISTRICT,87,8,22986.93,6308,3166,3142,48.6,75186.28571428571
319,324,KIRYAS JOEL VILLAGE UFSD,0,43,107717.2,167,91,76,0.0,75547.0
320,325,LA FARGEVILLE CSD,95,5,17047.91,495,246,249,6.7,56007.71428571428
321,326,LACKAWANNA CITY SCHOOL DISTRICT,82,14,17378.83,1790,937,853,35.7,48455.0
322,327,LAFAYETTE CSD,94,0,25122.89,792,401,391,40.3,68715.4
323,328,LAKE GEORGE CSD,96,2,28540.5,722,360,362,8.2,81180.8
324,329,LAKE PLACID CSD,88,2,26784.06,569,271,298,6.3,61918.0
325,330,LAKE PLEASANT CSD,—,—,47512.33,65,33,32,1.5,75714.5
326,331,LAKELAND CSD,92,1,24687.8,5510,2787,2723,36.9,119432.4
327,332,LANCASTER CSD,95,0,14140.1,5631,2874,2757,8.6,68643.5
328,333,LANSING CSD,90,1,21726.47,1187,602,585,19.8,69399.6
329,334,LANSINGBURGH CSD,85,9,18039.45,2110,1134,976,43.8,57325.0
330,335,LAURENS CSD,84,8,23669.72,301,141,160,11.6,56726.6
331,336,LAWRENCE UFSD,78,11,27720.33,2446,1289,1157,87.4,109532.42857142857
332,337,LE ROY CSD,90,5,16863.6,1176,583,593,8.2,67910.25
333,338,LETCHWORTH CSD,94,0,17015.69,893,464,429,4.0,54844.2
334,339,LEVITTOWN UFSD,94,1,26952.8,7102,3635,3467,36.4,136470.66666666666
335,340,LEWISTON-PORTER CSD,92,4,18690.08,1920,1004,916,9.2,61757.5
336,341,LIBERTY CSD,77,14,23182.34,1694,876,818,58.3,57930.53846153846
337,342,LINDENHURST UFSD,91,4,23636.09,5674,2882,2792,34.9,99576.0
338,343,LISBON CSD,92,0,20676.12,559,282,277,2.5,55901.5
339,344,LITTLE FALLS CITY SCHOOL DISTRICT,79,17,19877.83,1073,546,527,10.0,54676.25
340,345,LITTLE FLOWER UFSD,—,—,,97,64,33,50.5,
341,346,LIVERPOOL CSD,84,5,18169.54,6927,3478,3449,28.7,70631.33333333333
342,347,LIVINGSTON MANOR CSD,74,10,30012.19,410,191,219,20.5,63833.2
343,348,LIVONIA CSD,98,1,19693.89,1449,767,682,5.9,66544.77777777778
344,349,LOCKPORT CITY SCHOOL DISTRICT,89,2,18128.21,4328,2206,2122,29.5,60823.0
345,350,LOCUST VALLEY CSD,97,0,37089.06,2012,1028,984,26.8,123948.42857142857
346,351,LONG BEACH CITY SCHOOL DISTRICT,97,1,31355.75,3613,1879,1734,41.9,112522.0
347,352,LONG LAKE CSD,—,—,52830.45,59,32,27,5.1,52795.5
348,353,LONGWOOD CSD,89,5,21996.25,9042,4626,4416,54.6,98875.11111111112
349,354,LOWVILLE ACADEMY & CSD,92,5,16364.3,1283,653,630,6.4,
350,355,LYME CSD,95,5,19158.07,331,157,174,6.9,62542.2
351,356,LYNBROOK UFSD,97,1,26396.92,2787,1422,1365,32.9,115458.25
352,357,LYNCOURT UFSD,—,—,20346.46,373,196,177,47.5,44606.5
353,358,LYNDONVILLE CSD,96,4,20760.99,586,296,290,12.1,54853.2
354,359,LYONS CSD,74,14,25724.35,833,434,399,25.5,53364.0
355,360,MADISON CSD,94,3,18344.65,454,212,242,1.8,61093.66666666666
356,361,MADRID-WADDINGTON CSD,93,2,19452.88,655,331,324,3.5,60148.88888888889
357,362,MAHOPAC CSD,94,2,26934.25,3972,2029,1943,28.5,110562.0
358,363,MAINE-ENDWELL CSD,89,7,15937.75,2459,1226,1233,12.4,55963.16666666666
359,364,MALONE CSD,87,4,20754.3,2199,1191,1008,3.4,58174.625
360,365,MALVERNE UFSD,92,3,28071.16,1724,910,814,82.0,124833.75
361,366,MAMARONECK UFSD,94,2,22853.8,5596,2917,2679,32.2,144161.5
362,367,MANCHESTER-SHORTSVILLE CSD (RED JACK,82,4,18766.55,763,404,359,11.8,
363,368,MANHASSET UFSD,98,0,25655.38,3163,1680,1483,35.9,146793.25
364,369,MARATHON CSD,98,0,21017.92,653,327,326,3.4,59716.66666666666
365,370,MARCELLUS CSD,92,3,19566.23,1505,802,703,4.9,76931.42857142857
366,371,MARGARETVILLE CSD,88,8,25293.61,330,164,166,29.4,58460.81818181818
367,372,MARION CSD,86,4,22443.32,634,311,323,13.2,68890.66666666667
368,373,MARLBORO CSD,91,4,21764.9,1891,968,923,37.2,77276.4
369,374,MASSAPEQUA UFSD,98,1,25406.75,6713,3337,3376,10.6,133976.5
370,375,MASSENA CSD,84,7,16440.97,2475,1222,1253,14.3,51442.0
371,376,MATTITUCK-CUTCHOGUE UFSD,93,1,31170.72,1101,584,517,23.0,97980.4
372,377,MAYFIELD CSD,90,4,18856.31,842,437,405,6.2,58933.333333333336
373,378,MCGRAW CSD,89,5,18417.53,527,256,271,4.6,59645.75
374,379,MECHANICVILLE CITY SCHOOL DISTRICT,94,4,16937.42,1346,717,629,11.2,75677.8
375,380,MEDINA CSD,84,8,18543.05,1387,672,715,22.6,57023.6
376,381,MENANDS UFSD,—,—,17152.22,305,162,143,74.4,87980.5
377,382,MERRICK UFSD,—,—,29454.36,1510,768,742,13.9,127506.0
378,383,MEXICO CSD,90,3,21774.73,1944,991,953,5.7,62851.0
379,384,MIDDLE COUNTRY CSD,91,4,22520.78,9050,4660,4390,40.8,109711.88888888888
380,385,MIDDLEBURGH CSD,93,4,26103.54,654,316,338,3.2,64995.583333333336
381,386,MIDDLETOWN CITY SCHOOL DISTRICT,83,9,19264.71,7405,3739,3666,87.3,86565.0
382,387,MILFORD CSD,88,4,24297.78,334,176,158,4.2,63726.28571428572
383,388,MILLBROOK CSD,96,0,26186.89,880,451,429,22.0,83433.0
384,389,MILLER PLACE UFSD,97,1,24358.13,2490,1308,1182,14.5,119062.33333333331
385,390,MINEOLA UFSD,94,2,28437.39,2790,1460,1330,49.2,131102.6
386,391,MINERVA CSD,40,20,41834.28,99,45,54,7.1,54737.5
387,392,MINISINK VALLEY CSD,89,1,19866.22,3493,1779,1714,25.9,82132.6
388,394,MONROE-WOODBURY CSD,91,4,21906.32,6702,3384,3318,52.5,106537.33333333331
389,395,MONTAUK UFSD,—,—,44925.84,286,146,140,36.4,102266.0
390,396,MONTICELLO CSD,83,7,23954.2,2786,1424,1362,58.2,67153.53333333334
391,397,MORAVIA CSD,84,9,18050.12,873,434,439,4.2,65803.16666666667
392,398,MORIAH CSD,89,6,20297.03,666,342,324,0.8,44562.42857142857
393,399,MORRIS CSD,77,0,23527.09,310,165,145,8.7,62279.2
394,400,MORRISTOWN CSD,82,14,21795.55,322,167,155,4.3,52118.4
395,401,MORRISVILLE-EATON CSD,88,8,20737.05,588,289,299,7.7,63390.0
396,402,MOUNT MARKHAM CSD,86,8,19200.39,1038,527,511,3.9,60102.27272727273
397,403,MT MORRIS CSD,85,10,21224.05,515,264,251,30.3,
398,404,MT PLEASANT CSD,96,0,27690.51,1902,993,909,20.8,
399,405,MT PLEASANT-BLYTHEDALE UFSD,0,0,,124,68,56,70.2,
400,406,MT PLEASANT-COTTAGE UFSD,9,27,,214,103,111,89.3,
401,407,MT SINAI UFSD,97,1,22321.61,2176,1131,1045,17.2,
402,408,MT VERNON SCHOOL DISTRICT,68,10,27660.55,7326,3755,3571,95.5,
403,409,NANUET UFSD,94,1,25962.31,2218,1126,1092,53.1,107895.25
404,410,NAPLES CSD,87,4,17557.81,599,305,294,3.0,58002.857142857145
405,411,NEW HARTFORD CSD,97,1,17848.92,2553,1308,1245,14.8,62441.125
406,412,NEW HYDE PARK-GARDEN CITY PARK UFSD,—,—,19533.7,1719,882,837,76.6,128858.0
407,413,NEW LEBANON CSD,92,5,9766.29,409,205,204,7.8,87238.22222222222
408,414,NEW PALTZ CSD,94,3,25094.98,2037,1036,1001,24.7,69680.625
409,415,NEW ROCHELLE CITY SCHOOL DISTRICT,80,3,22932.93,10286,5394,4892,74.9,147819.14285714287
410,416,NEW SUFFOLK COMMON SCHOOL DISTRICT,—,—,36043.61,16,9,7,18.8,108972.0
411,417,NEWARK CSD,88,9,20106.84,1983,1014,969,29.7,55895.25
412,418,NEWARK VALLEY CSD,88,5,18004.61,1075,547,528,4.4,61204.42857142857
413,419,NEWBURGH CITY SCHOOL DISTRICT,78,10,21654.67,10913,5664,5249,83.4,77814.0
414,420,NEWCOMB CSD,100,0,59290.5,68,39,29,5.9,44688.0
415,421,NEWFANE CSD,92,5,20242.16,1333,677,656,7.3,60037.5
416,422,NEWFIELD CSD,84,6,22438.23,728,355,373,19.5,59421.66666666666
417,423,NIAGARA FALLS CITY SCHOOL DISTRICT,64,24,16647.7,6572,3240,3332,61.0,40596.25
418,424,NIAGARA-WHEATFIELD CSD,90,5,17860.17,3411,1738,1673,21.1,62356.5
419,425,NISKAYUNA CSD,94,1,15876.85,4294,2239,2055,31.3,85111.42857142857
420,426,NORTH BABYLON UFSD,93,4,25157.29,4539,2335,2204,64.0,109923.6
421,427,NORTH BELLMORE UFSD,—,—,22631.36,2020,1014,1006,29.8,146297.33333333334
422,428,NORTH COLLINS CSD,92,4,21209.35,547,277,270,9.1,62133.5
423,429,NORTH COLONIE CSD,93,3,16378.28,5887,2974,2913,37.1,70709.14285714286
424,430,NORTH GREENBUSH COMMON SCHOOL DISTRICT (WILLIAMS),—,—,37967.85,13,5,8,15.4,71087.66666666667
425,431,NORTH MERRICK UFSD,—,—,25386.74,1188,610,578,26.9,108847.66666666669
426,432,NORTH ROSE-WOLCOTT CSD,87,6,21632.65,1114,535,579,13.3,56033.22222222222
427,433,NORTH SALEM CSD,96,2,34752.96,1046,523,523,25.9,122803.6
428,434,NORTH SHORE CSD,96,0,36171.47,2567,1332,1235,23.1,127171.83333333331
429,435,NORTH SYRACUSE CSD,87,5,15859.19,8175,4198,3977,19.1,69545.27272727272
430,436,NORTH TONAWANDA CITY SCHOOL DISTRICT,86,7,17409.1,3184,1593,1591,10.9,69119.0
431,437,NORTH WARREN CSD,92,5,22431.62,493,269,224,8.9,61106.25
432,438,NORTHEAST CSD,87,6,26227.2,626,333,293,30.5,73045.16666666667
433,439,NORTHEASTERN CLINTON CSD,81,9,22148.23,1235,622,613,4.2,56574.25
434,440,NORTHERN ADIRONDACK CSD,86,9,25473.35,785,418,367,1.0,56522.16666666666
435,441,NORTHPORT-EAST NORTHPORT UFSD,96,2,28285.29,5053,2646,2407,19.0,131766.0
436,442,NORTHVILLE CSD,94,3,20631.26,420,197,223,8.1,59445.5
437,443,NORWICH CITY SCHOOL DISTRICT,86,4,18999.6,1672,848,824,9.4,53188.375
438,444,NORWOOD-NORFOLK CSD,90,5,20364.35,943,473,470,3.8,54853.25
439,445,NY MILLS UFSD,87,4,22734.23,541,267,274,11.3,
440,446,NYACK UFSD,91,5,24606.88,2866,1432,1434,57.8,124980.66666666669
441,448,NYC GEOG DIST # 1 - MANHATTAN,68,8,,10473,5481,4992,81.6,77936.0
442,449,NYC GEOG DIST # 2 - MANHATTAN,81,5,,59568,28456,31112,73.4,127275.96153846152
443,450,NYC GEOG DIST # 3 - MANHATTAN,81,3,,21132,9599,11533,66.5,104303.66666666669
444,451,NYC GEOG DIST # 4 - MANHATTAN,85,4,,11510,5594,5916,95.0,31104.5
445,452,NYC GEOG DIST # 5 - MANHATTAN,74,5,,9332,4954,4378,93.6,50067.0
446,453,NYC GEOG DIST # 6 - MANHATTAN,75,5,,19124,9709,9415,94.4,55738.5
447,454,NYC GEOG DIST # 7 - BRONX,69,9,,16318,8639,7679,98.5,36670.8
448,455,NYC GEOG DIST # 8 - BRONX,66,13,,24613,12660,11953,94.4,44250.0
449,456,NYC GEOG DIST # 9 - BRONX,74,9,,29653,14989,14664,98.7,32099.75
450,457,NYC GEOG DIST #10 - BRONX,80,7,,49381,25187,24194,94.1,47554.0
451,458,NYC GEOG DIST #11 - BRONX,75,8,,35438,18643,16795,91.1,59079.6
452,459,NYC GEOG DIST #12 - BRONX,63,12,,19427,10007,9420,98.6,36342.333333333336
453,460,NYC GEOG DIST #13 - BROOKLYN,90,2,,19994,10672,9322,82.8,100631.6
454,461,NYC GEOG DIST #14 - BROOKLYN,82,5,,16583,8684,7899,85.1,70139.6
455,462,NYC GEOG DIST #15 - BROOKLYN,71,5,,29846,14881,14965,69.9,95562.125
456,463,NYC GEOG DIST #16 - BROOKLYN,60,5,,5425,2891,2534,97.3,54048.0
457,464,NYC GEOG DIST #17 - BROOKLYN,74,6,,19019,9361,9658,96.9,62593.0
458,465,NYC GEOG DIST #18 - BROOKLYN,67,6,,12417,6499,5918,96.6,53702.333333333336
459,466,NYC GEOG DIST #19 - BROOKLYN,79,6,,19389,10230,9159,97.9,39264.333333333336
460,467,NYC GEOG DIST #20 - BROOKLYN,76,7,,49535,25915,23620,75.5,63385.71428571428
461,468,NYC GEOG DIST #21 - BROOKLYN,77,6,,33868,17379,16489,67.6,53230.833333333336
462,469,NYC GEOG DIST #22 - BROOKLYN,85,3,,31931,16127,15804,67.4,67778.14285714286
463,470,NYC GEOG DIST #23 - BROOKLYN,52,12,,7714,4315,3399,98.7,38831.5
464,471,NYC GEOG DIST #24 - QUEENS,80,5,,54124,28429,25695,86.8,73961.0
465,472,NYC GEOG DIST #25 - QUEENS,76,5,,35583,18163,17420,88.7,67681.3
466,473,NYC GEOG DIST #26 - QUEENS,92,3,,30802,15826,14976,84.7,89223.33333333333
467,474,NYC GEOG DIST #27 - QUEENS,76,10,,40675,21347,19328,90.0,74852.76923076923
468,475,NYC GEOG DIST #28 - QUEENS,84,5,,38378,19482,18896,84.4,72971.66666666667
469,476,NYC GEOG DIST #29 - QUEENS,77,6,,23776,12395,11381,98.2,80180.09090909091
470,477,NYC GEOG DIST #30 - QUEENS,86,4,,36697,18539,18158,83.4,72604.27272727272
471,478,NYC GEOG DIST #31 - STATEN ISLAND,84,4,,57787,29605,28182,55.6,86134.58333333333
472,479,NYC GEOG DIST #32 - BROOKLYN,75,8,,9850,5045,4805,97.6,52066.0
473,481,NYC SPEC SCHOOLS - DIST 75,—,—,,25358,18632,6726,87.3,
474,482,OAKFIELD-ALABAMA CSD,85,3,18394.15,772,379,393,6.7,60528.5
475,483,OCEANSIDE UFSD,94,0,22535.44,5506,2852,2654,29.4,115829.33333333331
476,484,ODESSA-MONTOUR CSD,93,4,18234.83,723,379,344,6.6,57681.66666666666
477,485,OGDENSBURG CITY SCHOOL DISTRICT,80,12,22365.24,1475,763,712,2.0,53915.0
478,486,OLEAN CITY SCHOOL DISTRICT,74,10,18698.78,1925,1008,917,18.6,47782.0
479,487,ONEIDA CITY SCHOOL DISTRICT,85,9,18768.6,1857,923,934,11.6,63358.375
480,488,ONEONTA CITY SCHOOL DISTRICT,84,7,17884.13,1734,885,849,21.6,53729.0
481,489,ONONDAGA CSD,90,6,19020.04,768,369,399,27.3,71562.83333333333
482,490,ONTEORA CSD,87,4,38615.96,1201,597,604,25.3,68467.15
483,492,OPPENHEIM-EPHRATAH-ST. JOHNSVILLE CS,85,9,21080.92,689,335,354,3.0,
484,493,ORCHARD PARK CSD,97,0,18291.68,4649,2318,2331,7.4,73334.75
485,494,ORISKANY CSD,92,2,20301.77,569,294,275,8.1,69966.75
486,495,OSSINING UFSD,80,2,22422.6,4774,2464,2310,79.6,127406.33333333331
487,496,OSWEGO CITY SCHOOL DISTRICT,81,8,19998.39,3626,1870,1756,10.3,58733.333333333336
488,497,OTEGO-UNADILLA CSD,87,5,21458.71,716,338,378,11.9,57785.5
489,498,OTSELIC VALLEY CSD,94,3,27026.81,291,142,149,1.7,
490,499,OWEGO-APALACHIN CSD,92,3,18179.7,1922,990,932,5.0,64451.57142857143
491,500,OXFORD ACADEMY & CSD,95,2,22363.77,706,349,357,7.8,
492,501,OYSTER BAY-EAST NORWICH CSD,95,3,31106.27,1528,776,752,36.9,127665.66666666669
493,502,OYSTERPONDS UFSD,—,—,39628.6,65,29,36,30.8,79892.5
494,503,PALMYRA-MACEDON CSD,91,7,18477.61,1789,927,862,7.4,75147.0
495,504,PANAMA CSD,100,0,21679.03,436,223,213,5.5,56309.75
496,505,PARISHVILLE-HOPKINTON CSD,97,0,25102.89,365,187,178,1.1,52445.833333333336
497,506,PATCHOGUE-MEDFORD UFSD,86,4,22688.05,7349,3796,3553,56.0,104073.75
498,507,PAVILION CSD,83,11,21512.28,638,332,306,5.2,63204.1
499,508,PAWLING CSD,93,0,28302.88,1114,571,543,29.4,106711.66666666669
500,509,PEARL RIVER UFSD,96,1,23852.0,2361,1207,1154,23.1,133580.0
501,510,PEEKSKILL CITY SCHOOL DISTRICT,80,8,22977.07,3352,1791,1561,93.1,98254.5
502,511,PELHAM UFSD,98,0,22511.94,2913,1515,1398,34.7,107724.66666666669
503,512,PEMBROKE CSD,92,2,21102.75,910,435,475,6.5,64466.6
504,513,PENFIELD CSD,97,1,16744.56,4587,2333,2254,17.6,76003.14285714286
505,514,PENN YAN CSD,87,8,22166.64,1312,640,672,7.5,56688.57142857143
506,515,PERRY CSD,92,3,18437.89,772,389,383,9.8,58877.444444444445
507,516,PERU CSD,89,7,21325.68,1822,948,874,5.8,64691.142857142855
508,517,PHELPS-CLIFTON SPRINGS CSD,85,11,18223.93,1549,809,740,10.5,61560.66666666666
509,518,PHOENIX CSD,87,8,21337.44,1644,839,805,5.2,70405.66666666667
510,519,PINE BUSH CSD,91,4,20058.09,4925,2563,2362,30.7,91832.3
511,520,PINE PLAINS CSD,89,5,28458.63,855,425,430,21.6,77546.2
512,521,PINE VALLEY CSD (SOUTH DAYTON),66,15,24415.35,485,243,242,9.7,52078.75
513,522,PITTSFORD CSD,98,0,19861.85,5588,2876,2712,26.9,90935.42857142857
514,523,PLAINEDGE UFSD,95,0,26342.58,2823,1454,1369,13.8,125001.0
515,524,PLAINVIEW-OLD BETHPAGE CSD,96,0,26869.5,4955,2547,2408,33.7,150691.0
516,525,PLATTSBURGH CITY SCHOOL DISTRICT,84,8,21291.56,1800,935,865,14.2,63237.0
517,526,PLEASANTVILLE UFSD,93,1,25303.29,1695,877,818,24.3,156774.0
518,527,POCANTICO HILLS CSD,—,—,53858.3,285,137,148,61.4,126171.83333333331
519,528,POLAND CSD,93,7,23870.17,487,242,245,7.0,66199.25
520,529,PORT BYRON CSD,86,4,23478.26,728,356,372,5.5,58286.57142857143
521,530,PORT CHESTER-RYE UFSD,82,5,17876.84,4775,2502,2273,87.4,147261.5
522,531,PORT JEFFERSON UFSD,96,1,35628.81,1022,526,496,23.9,133935.33333333334
523,532,PORT JERVIS CITY SCHOOL DISTRICT,86,6,25319.9,2444,1245,1199,34.2,71534.5
524,533,PORT WASHINGTON UFSD,93,2,25331.03,5364,2749,2615,37.0,131163.0
525,534,PORTVILLE CSD,95,3,14307.29,986,469,517,6.6,49672.6
526,535,POTSDAM CSD,95,3,20234.62,1234,667,567,8.9,61014.0
527,536,POUGHKEEPSIE CITY SCHOOL DISTRICT,60,19,21427.37,4154,2184,1970,93.7,68081.0
528,537,PRATTSBURGH CSD,84,4,18240.82,360,179,181,8.1,49466.16666666666
529,538,PULASKI CSD,87,4,20825.86,924,465,459,3.8,57120.5
530,539,PUTNAM CSD,—,—,23009.37,28,19,9,0.0,68670.0
531,540,PUTNAM VALLEY CSD,97,1,26817.67,1598,808,790,31.5,117689.0
532,542,QUEENSBURY UFSD,90,3,16548.22,3135,1622,1513,7.0,62680.75
533,543,QUOGUE UFSD,—,—,69868.4,77,38,39,23.4,104077.66666666669
534,544,RANDOLPH ACAD UFSD,—,—,,164,118,46,37.2,
535,545,RANDOLPH CSD,99,0,18397.12,846,421,425,11.0,47460.375
536,546,RAVENA-COEYMANS-SELKIRK CSD,88,6,18848.63,1768,895,873,19.1,78473.91666666667
537,547,RED CREEK CSD,88,10,21345.38,783,424,359,5.0,54821.5
538,548,RED HOOK CSD,91,4,24227.11,1766,918,848,16.5,86355.875
539,549,REMSEN CSD,87,0,26257.19,405,216,189,3.5,71187.4
540,550,REMSENBURG-SPEONK UFSD,—,—,58547.76,132,66,66,27.3,106765.33333333331
541,551,RENSSELAER CITY SCHOOL DISTRICT,84,5,17978.0,1028,524,504,44.6,77000.0
542,552,RHINEBECK CSD,93,1,30026.67,944,466,478,16.9,89250.5
543,553,RICHFIELD SPRINGS CSD,92,8,24034.39,402,223,179,5.5,57788.71428571428
544,555,RIPLEY CSD,—,—,33327.7,123,61,62,4.9,43987.0
545,556,RIVERHEAD CSD,76,13,18810.89,5829,3028,2801,67.0,82145.0
546,557,ROCHESTER CITY SCHOOL DISTRICT,68,13,19885.5,25017,12904,12113,90.4,53004.42857142857
547,558,ROCKVILLE CENTRE UFSD,98,0,29490.95,3579,1855,1724,26.5,107137.0
548,559,ROCKY POINT UFSD,95,4,24991.0,2905,1441,1464,22.1,119852.75
549,560,ROME CITY SCHOOL DISTRICT,82,8,17823.87,5320,2736,2584,21.0,64102.125
550,561,ROMULUS CSD,82,6,20890.39,434,210,224,11.1,55966.8
551,562,RONDOUT VALLEY CSD,88,8,28695.99,1869,978,891,15.9,71359.30769230769
552,563,ROOSEVELT UFSD,75,16,20300.43,3346,1780,1566,99.9,112783.25
553,564,ROSCOE CSD,89,0,30693.78,220,120,100,13.6,55007.25
554,565,ROSLYN UFSD,99,1,29181.7,3195,1622,1573,32.2,165746.0
555,566,ROTTERDAM-MOHONASEN CSD,91,3,15118.77,2798,1418,1380,23.9,63371.0
556,567,ROXBURY CSD,86,0,34739.37,239,112,127,4.2,60713.0
557,568,ROYALTON-HARTLAND CSD,92,6,16056.73,1206,587,619,8.7,68789.0
558,569,RUSH-HENRIETTA CSD,92,3,19635.2,5387,2725,2662,42.6,85732.0
559,570,RYE CITY SCHOOL DISTRICT,96,0,25422.18,3234,1670,1564,20.6,140148.33333333334
560,571,RYE NECK UFSD,93,1,22836.77,1572,809,763,37.5,146139.0
561,572,SACHEM CSD,94,2,20861.5,12351,6266,6085,30.0,108960.84615384616
562,573,SACKETS HARBOR CSD,90,5,18003.63,418,204,214,10.8,62790.8
563,574,SAG HARBOR UFSD,89,3,38192.07,919,461,458,27.7,98489.0
564,575,SAGAPONACK COMMON SCHOOL DISTRICT,—,—,55333.31,16,9,7,6.2,90326.0
565,576,SALAMANCA CITY SCHOOL DISTRICT,79,3,24617.42,1213,628,585,50.5,45555.16666666666
566,577,SALEM CSD,78,12,19489.37,524,286,238,5.3,66846.83333333333
567,578,SALMON RIVER CSD,85,6,26274.61,1389,703,686,67.7,48057.55555555556
568,579,SANDY CREEK CSD,90,3,25117.81,742,396,346,4.6,57632.444444444445
569,580,SARANAC CSD,90,7,22036.63,1395,714,681,3.6,62700.28571428572
570,581,SARANAC LAKE CSD,93,4,24587.99,1150,602,548,2.8,63221.083333333336
571,582,SARATOGA SPRINGS CITY SCHOOL DISTRICT,92,4,17059.93,6248,3164,3084,11.8,84608.25
572,583,SAUGERTIES CSD,84,10,21994.66,2449,1205,1244,24.6,57250.5
573,584,SAUQUOIT VALLEY CSD,93,3,17140.41,943,463,480,7.6,67379.875
574,585,SAYVILLE UFSD,97,0,27033.14,2822,1445,1377,12.9,116648.0
575,586,SCARSDALE UFSD,98,1,28842.09,4749,2450,2299,36.4,151912.0
576,587,SCHALMONT CSD,90,4,18953.56,1799,940,859,14.7,77453.125
577,588,SCHENECTADY CITY SCHOOL DISTRICT,74,11,18266.0,9243,4779,4464,79.6,59576.0
578,589,SCHENEVUS CSD,81,9,21163.27,330,177,153,5.8,60163.833333333336
579,590,SCHODACK CSD,97,0,21104.26,900,465,435,7.9,91121.25
580,591,SCHOHARIE CSD,89,4,20304.39,889,469,420,5.5,66572.625
581,592,SCHROON LAKE CSD,100,0,25128.01,259,136,123,1.5,63459.4
582,593,SCHUYLERVILLE CSD,96,2,19497.47,1517,770,747,4.9,74302.57142857143
583,594,SCIO CSD,81,16,25594.63,302,165,137,3.0,47109.66666666666
584,595,SCOTIA-GLENVILLE CSD,88,6,19185.24,2371,1257,1114,10.3,63474.5
585,596,SEAFORD UFSD,95,2,26115.27,2247,1146,1101,12.4,137155.0
586,597,SENECA FALLS CSD,87,6,16786.23,1198,618,580,17.9,53409.0
587,598,SEWANHAKA CENTRAL HS DISTRICT,95,1,20338.62,8140,4213,3927,68.3,
588,599,SHARON SPRINGS CSD,94,6,38377.69,226,109,117,7.1,55067.4
589,600,SHELTER ISLAND UFSD,96,4,48559.74,192,99,93,33.9,98213.0
590,601,SHENENDEHOWA CSD,92,3,15279.98,9535,4806,4729,25.3,89906.0
591,602,SHERBURNE-EARLVILLE CSD,86,3,20802.82,1286,670,616,3.9,52390.4
592,603,SHERMAN CSD,91,3,20545.12,402,217,185,4.0,55302.8
593,604,SHERRILL CITY SCHOOL DISTRICT,95,3,16933.8,1805,951,854,5.2,66556.11111111111
594,605,SHOREHAM-WADING RIVER CSD,94,1,26463.85,2039,1042,997,13.3,107032.25
595,606,SIDNEY CSD,93,4,19569.51,1057,550,507,13.3,49572.857142857145
596,607,SILVER CREEK CSD,89,4,19547.02,1022,495,527,28.8,49337.0
597,608,SKANEATELES CSD,94,2,19456.71,1283,682,601,6.0,72358.33333333333
598,609,SMITHTOWN CSD,95,0,24979.97,8398,4222,4176,19.6,122502.71428571428
599,610,SODUS CSD,86,4,20747.89,965,512,453,40.6,58886.42857142857
600,611,SOLVAY UFSD,89,1,18811.28,1380,695,685,28.6,58748.0
601,612,SOMERS CSD,94,0,27456.96,2862,1465,1397,16.9,140010.16666666666
602,613,SOUTH COLONIE CSD,94,2,18621.48,4671,2335,2336,35.5,79064.14285714286
603,614,SOUTH COUNTRY CSD,83,8,26730.96,4065,2111,1954,63.1,91574.83333333331
604,615,SOUTH GLENS FALLS CSD,88,5,15609.87,2916,1522,1394,8.5,72290.66666666667
605,616,SOUTH HUNTINGTON UFSD,89,3,23839.17,5849,3047,2802,62.1,126591.0
606,617,SOUTH JEFFERSON CSD,88,3,15009.88,1814,904,910,6.0,62194.0
607,618,SOUTH KORTRIGHT CSD,94,0,20685.26,330,170,160,7.3,59543.142857142855
608,619,SOUTH LEWIS CSD,85,6,21091.9,976,493,483,5.1,57142.66666666666
609,620,SOUTH ORANGETOWN CSD,93,2,27002.95,2910,1436,1474,32.4,122988.0
610,621,SOUTH SENECA CSD,90,7,28768.85,618,291,327,5.0,60471.5
611,622,SOUTHAMPTON UFSD,89,2,35375.27,1471,777,694,55.6,126957.25
612,623,SOUTHERN CAYUGA CSD,86,9,20456.5,664,331,333,17.5,70813.77777777778
613,624,SOUTHOLD UFSD,87,9,34388.43,769,417,352,37.7,97076.0
614,625,SOUTHWESTERN CSD AT JAMESTOWN,92,4,16269.54,1300,703,597,12.2,52045.2
615,626,SPACKENKILL UFSD,90,4,28094.81,1448,751,697,41.9,68081.0
616,627,SPENCER-VAN ETTEN CSD,81,8,21091.38,831,420,411,5.1,57482.90909090909
617,628,SPENCERPORT CSD,91,4,18387.91,3618,1876,1742,20.4,70703.0
618,629,SPRINGS UFSD,—,—,25059.64,668,365,303,61.7,109375.0
619,630,SPRINGVILLE-GRIFFITH INST CSD,96,1,19368.61,1647,843,804,5.6,
620,632,ST REGIS FALLS CSD,95,0,27120.59,249,125,124,8.0,
621,633,STAMFORD CSD,71,10,25978.35,263,117,146,7.2,53572.125
622,634,STARPOINT CSD,93,3,14872.59,2911,1468,1443,6.8,69500.0
623,635,STILLWATER CSD,84,11,19288.45,1014,509,505,5.7,82021.4
624,636,STOCKBRIDGE VALLEY CSD,90,7,20271.97,410,205,205,7.3,55979.5
625,637,SUFFERN CSD,92,4,27125.39,4012,2024,1988,49.2,91666.0
626,638,SULLIVAN WEST CSD,90,8,26133.65,1014,532,482,15.1,63396.9375
627,639,SUSQUEHANNA VALLEY CSD,87,7,20962.12,1426,748,678,10.4,54191.25
628,640,SWEET HOME CSD,94,3,19798.51,3261,1742,1519,37.7,74452.6
629,641,SYOSSET CSD,99,0,30765.31,6580,3414,3166,47.9,151591.5
630,642,SYRACUSE CITY SCHOOL DISTRICT,71,11,19030.39,19011,9916,9095,78.1,49428.5
631,643,TACONIC HILLS CSD,75,12,24336.16,1205,612,593,20.2,71588.83333333333
632,644,THOUSAND ISLANDS CSD,95,3,19397.93,867,425,442,8.4,57228.55555555556
633,645,THREE VILLAGE CSD,96,1,31655.63,5809,2922,2887,22.9,124953.42857142857
634,646,TICONDEROGA CSD,91,5,23812.19,682,361,321,1.9,80308.25
635,647,TIOGA CSD,91,4,15563.69,886,446,440,2.9,59570.142857142855
636,648,TONAWANDA CITY SCHOOL DISTRICT,93,3,16138.8,1729,880,849,13.0,58954.0
637,649,TOWN OF WEBB UFSD,100,0,26872.8,259,136,123,3.5,65457.2
638,650,TRI-VALLEY CSD,75,19,27786.88,930,495,435,18.9,58629.6
639,651,TROY CITY SCHOOL DISTRICT,88,7,19801.65,3842,1927,1915,60.3,57325.0
640,652,TRUMANSBURG CSD,91,0,20889.47,999,514,485,14.6,56880.2
641,653,TUCKAHOE COMMON SCHOOL DISTRICT,—,—,51082.72,253,121,132,74.3,105669.5
642,654,TUCKAHOE UFSD,99,0,25010.58,1184,615,569,33.6,110517.75
643,655,TULLY CSD,81,3,19646.46,737,391,346,6.5,72185.5
644,656,TUPPER LAKE CSD,89,2,20549.25,712,365,347,6.0,55435.5
645,657,TUXEDO UFSD,100,0,45079.45,222,111,111,35.6,103987.0
646,658,UFSD-TARRYTOWNS,90,5,25569.87,2682,1355,1327,69.1,
647,659,UNADILLA VALLEY CSD,84,3,22294.87,758,368,390,4.5,53665.142857142855
648,660,UNION SPRINGS CSD,94,0,18831.95,791,431,360,10.4,66015.16666666667
649,661,UNION-ENDICOTT CSD,88,5,18861.64,3569,1795,1774,32.1,57793.5
650,662,UNIONDALE UFSD,78,11,24253.37,6748,3438,3310,98.5,111490.66666666669
651,663,UTICA CITY SCHOOL DISTRICT,73,13,15176.09,9738,4917,4821,70.9,55937.333333333336
652,664,VALHALLA UFSD,93,1,30131.68,1387,706,681,46.0,106481.0
653,665,VALLEY CSD (MONTGOMERY),92,4,21709.36,4131,2073,2058,39.5,91179.375
654,666,VALLEY STREAM 13 UFSD,—,—,21831.3,1963,1049,914,76.4,
655,667,VALLEY STREAM 24 UFSD,—,—,23989.49,1097,560,537,82.2,
656,668,VALLEY STREAM 30 UFSD,—,—,21680.41,1464,745,719,95.3,
657,669,VALLEY STREAM CENTRAL HS DISTRICT,93,2,22335.67,4542,2315,2227,83.6,
658,670,VAN HORNESVILLE-OWEN D YOUNG CSD,91,5,23917.91,181,85,96,3.3,
659,671,VESTAL CSD,93,2,18422.74,3291,1695,1596,22.8,65047.66666666666
660,672,VICTOR CSD,95,2,13662.02,4272,2140,2132,17.4,82661.28571428571
661,673,VOORHEESVILLE CSD,96,2,17552.5,1180,581,599,10.0,96354.5
662,674,WAINSCOTT COMMON SCHOOL DISTRICT,—,—,28103.79,29,14,15,62.1,106326.0
663,675,WALLKILL CSD,90,3,21761.44,2831,1482,1349,34.8,77384.90909090909
664,676,WALTON CSD,86,11,20436.21,866,433,433,4.4,54078.0
665,677,WANTAGH UFSD,98,0,24819.0,2770,1397,1373,14.9,143313.0
666,678,WAPPINGERS CSD,94,3,19359.75,10645,5511,5134,31.2,90151.125
667,679,WARRENSBURG CSD,85,8,23590.05,662,352,310,6.3,64830.375
668,680,WARSAW CSD,92,7,18447.56,820,390,430,8.4,59166.57142857143
669,681,WARWICK VALLEY CSD,95,1,18948.67,3569,1818,1751,25.2,101545.5
670,682,WASHINGTONVILLE CSD,94,2,20640.42,3801,1904,1897,40.3,104425.22222222222
671,683,WATERFORD-HALFMOON UFSD,90,5,23921.21,752,385,367,10.0,70068.0
672,684,WATERLOO CSD,90,4,20639.44,1538,784,754,12.5,54392.66666666666
673,685,WATERTOWN CITY SCHOOL DISTRICT,77,14,14799.55,3972,2061,1911,30.8,53675.66666666666
674,686,WATERVILLE CSD,93,0,19097.1,741,395,346,2.6,69413.42857142857
675,687,WATERVLIET CITY SCHOOL DISTRICT,88,7,13712.89,1296,697,599,54.3,52722.0
676,688,WATKINS GLEN CSD,95,1,21000.88,983,508,475,8.6,59327.55555555556
677,689,WAVERLY CSD,90,8,17881.28,1442,713,729,4.9,54707.5
678,690,WAYLAND-COHOCTON CSD,94,4,19889.88,1247,621,626,3.6,56342.6
679,691,WAYNE CSD,92,4,18290.82,2127,1095,1032,6.9,80629.66666666667
680,692,WEBSTER CSD,95,1,17463.98,8151,4194,3957,17.3,75512.0
681,693,WEEDSPORT CSD,96,2,21378.37,725,365,360,8.0,57784.0
682,694,WELLS CSD,89,6,32101.51,135,83,52,3.0,61267.0
683,695,WELLSVILLE CSD,82,6,19328.04,1077,527,550,5.6,54473.6
684,696,WEST BABYLON UFSD,92,4,24688.51,3705,1867,1838,41.9,108718.33333333331
685,697,WEST CANADA VALLEY CSD,96,2,21996.67,650,306,344,4.0,58483.0
686,698,WEST GENESEE CSD,95,0,16351.6,4483,2312,2171,14.1,76938.0
687,699,WEST HEMPSTEAD UFSD,89,6,27633.69,1759,930,829,77.2,110161.0
688,700,WEST IRONDEQUOIT CSD,93,2,17041.73,3620,1885,1735,29.8,51638.0
689,701,WEST ISLIP UFSD,98,0,24902.21,4006,2097,1909,17.2,116003.0
690,703,WEST SENECA CSD,91,4,16393.8,6214,3178,3036,15.0,59280.0
691,704,WEST VALLEY CSD,79,14,36386.31,190,98,92,4.7,58744.16666666666
692,705,WESTBURY UFSD,84,11,24100.6,4979,2569,2410,98.0,152112.0
693,706,WESTFIELD CSD,80,4,22096.84,632,308,324,9.3,49503.333333333336
694,707,WESTHAMPTON BEACH UFSD,93,3,25836.22,1820,950,870,35.7,113387.33333333331
695,708,WESTHILL CSD,96,3,17204.54,1778,841,937,16.4,66212.5
696,709,WESTMORELAND CSD,95,0,20977.82,853,421,432,5.0,65308.857142857145
697,711,WHEATLAND-CHILI CSD,88,3,24615.3,636,305,331,30.2,67558.0
698,712,WHEELERVILLE UFSD,—,—,25960.01,117,61,56,3.4,49780.333333333336
699,713,WHITE PLAINS CITY SCHOOL DISTRICT,91,3,27671.34,7069,3564,3505,78.1,106715.33333333331
700,714,WHITEHALL CSD,76,16,20970.97,703,346,357,2.8,64743.75
701,715,WHITESBORO CSD,94,4,17518.67,3143,1602,1541,10.1,65544.625
702,716,WHITESVILLE CSD,93,0,25735.4,179,90,89,2.8,45024.66666666666
703,717,WHITNEY POINT CSD,78,6,20246.09,1329,672,657,3.0,55161.857142857145
704,718,WILLIAM FLOYD UFSD,89,4,20200.92,8837,4514,4323,59.9,93855.66666666669
705,719,WILLIAMSON CSD,94,1,18664.46,984,512,472,18.9,71056.0
706,720,WILLIAMSVILLE CSD,95,2,16128.34,9913,5014,4899,26.9,89129.33333333333
707,721,WILLSBORO CSD,80,5,29014.65,229,108,121,8.7,60185.2
708,722,WILSON CSD,91,8,19651.21,1042,545,497,9.0,63643.66666666666
709,723,WINDHAM-ASHLAND-JEWETT CSD,95,5,30935.23,291,155,136,15.5,53107.0
710,724,WINDSOR CSD,92,4,20400.27,1528,778,750,9.0,55349.8
711,725,WORCESTER CSD,100,0,22629.71,320,149,171,2.5,54057.5
712,726,WYANDANCH UFSD,56,17,21454.95,2700,1381,1319,99.0,98069.0
713,727,WYNANTSKILL UFSD,—,—,17164.28,376,187,189,11.2,68131.5
714,728,WYOMING CSD,—,—,28167.77,128,70,58,2.3,62790.5
715,729,YONKERS CITY SCHOOL DISTRICT,91,3,18820.45,24633,12524,12109,84.5,94866.44444444444
716,730,YORK CSD,97,2,19869.81,688,377,311,5.4,61273.5
717,731,YORKSHIRE-PIONEER CSD,89,6,17445.73,2307,1196,1111,5.0,58648.46666666667
718,732,YORKTOWN CSD,97,1,24424.21,3401,1775,1626,27.8,115881.16666666669
