DistrictName,GraduationPercentageRate,DropoutPercentageRate,FundingPerStudent,TotalEnrolled,MalesEnrolled,FemalesEnrolled,Percentage of Minority Students
ADDISON CSD,90.0,3.0,23833.02,976,503,473,3.2
ADIRONDACK CSD,92.0,5.0,14013.61,1145,575,570,1.7
AFTON CSD,83.0,10.0,24128.02,507,262,245,8.9
AKRON CSD,95.0,3.0,17552.56,1334,667,667,17.5
ALBANY CITY SD,71.0,12.0,22382.65,8610,4444,4166,80.2
ALBION CSD,85.0,11.0,15094.95,1781,887,894,25.5
ALDEN CSD,96.0,1.0,16574.76,1581,783,798,4.2
ALEXANDER CSD,95.0,2.0,19435.51,787,378,409,6.5
ALEXANDRIA CSD,88.0,5.0,21219.66,472,232,240,5.3
ALFRED-ALMOND CSD,100.0,0.0,18461.16,601,329,272,9.7
ALLEGANY-LIMESTONE CSD,87.0,4.0,16367.35,1103,574,529,8.1
ALTMAR-PARISH-WILLIAMSTOWN CSD,82.0,9.0,23307.26,1067,537,530,6.4
AMAGANSETT UFSD,,,97583.8,64,30,34,39.1
AMHERST CSD,93.0,1.0,15755.19,2925,1516,1409,33.1
AMITYVILLE UFSD,85.0,7.0,23455.51,2997,1594,1403,95.4
AMSTERDAM CITY SD,84.0,6.0,17207.22,3586,1838,1748,59.3
ANDES CSD,100.0,0.0,38857.67,65,35,30,10.8
ANDOVER CSD,89.0,4.0,24277.59,278,127,151,2.9
ARDSLEY UFSD,97.0,0.0,25178.37,2325,1257,1068,42.5
ARGYLE CSD,86.0,11.0,23262.18,463,233,230,5.4
ARKPORT CSD,100.0,0.0,19505.93,459,241,218,6.1
ARLINGTON CSD,91.0,3.0,21035.77,7963,3966,3997,34.4
ATTICA CSD,91.0,2.0,20326.08,1160,574,586,4.7
AUBURN CITY SD,76.0,12.0,15909.72,4106,2124,1982,23.0
AUSABLE VALLEY CSD,88.0,11.0,23515.55,1112,561,551,3.4
AVERILL PARK CSD,94.0,3.0,18170.81,2663,1336,1327,8.7
AVOCA CSD,95.0,3.0,23182.35,421,216,205,6.9
AVON CSD,93.0,2.0,15986.52,1007,518,489,11.9
BABYLON UFSD,96.0,0.0,29037.85,1555,787,768,24.2
BAINBRIDGE-GUILFORD CSD,96.0,0.0,18604.94,773,394,379,9.6
BALDWIN UFSD,95.0,0.0,24058.03,4477,2360,2117,87.9
BALDWINSVILLE CSD,93.0,4.0,16551.37,5390,2816,2574,12.4
BALLSTON SPA CSD,89.0,6.0,17822.98,4064,2105,1959,8.3
BARKER CSD,92.0,2.0,20097.18,699,365,334,12.4
BATAVIA CITY SD,94.0,2.0,19357.91,2190,1156,1034,27.9
BATH CSD,90.0,6.0,14747.3,1419,722,697,4.0
BAY SHORE UFSD,87.0,4.0,23456.92,5848,2990,2858,72.2
BAYPORT-BLUE POINT UFSD,98.0,0.0,30894.87,2080,1047,1033,15.0
BEACON CITY SD,88.0,6.0,20683.23,2723,1358,1365,55.3
BEAVER RIVER CSD,91.0,1.0,15124.46,871,456,415,2.6
BEDFORD CSD,86.0,4.0,29882.43,3902,1993,1909,48.4
BEEKMANTOWN CSD,94.0,3.0,15225.58,1915,997,918,5.5
BELFAST CSD,81.0,0.0,22753.52,322,167,155,4.0
BELLEVILLE-HENDERSON CSD,92.0,0.0,16968.41,463,240,223,8.4
BELLMORE UFSD,,,28180.7,946,475,471,23.2
BELLMORE-MERRICK CENTRAL SCHOOL DISTRICT,97.0,0.0,25413.48,5272,2672,2600,21.7
BEMUS POINT CSD,98.0,2.0,17784.12,621,331,290,3.7
BERKSHIRE UFSD,,,,83,72,11,61.4
BERLIN CSD,82.0,13.0,24974.93,673,349,324,3.6
BERNE-KNOX-WESTERLO CSD,92.0,1.0,24220.44,716,366,350,6.0
BETHLEHEM CSD,94.0,3.0,17185.56,4336,2205,2131,16.0
BETHPAGE UFSD,95.0,1.0,26750.9,2945,1455,1490,37.3
BINGHAMTON CITY SD,73.0,16.0,20117.55,4946,2535,2411,58.3
BLIND BROOK-RYE UFSD,99.0,0.0,27396.38,1364,688,676,22.3
BOLIVAR-RICHBURG CSD,94.0,5.0,21660.27,697,385,312,3.0
BOLTON CSD,86.0,0.0,38860.88,179,91,88,10.1
BOQUET VALLEY CSD,92.0,8.0,29438.51,410,220,190,2.4
BRADFORD CSD,97.0,3.0,25011.05,237,118,119,2.5
BRASHER FALLS CSD,86.0,8.0,18091.67,964,479,485,6.2
BRENTWOOD UFSD,76.0,12.0,19390.0,18826,9652,9174,97.1
BREWSTER CSD,88.0,6.0,26271.8,3066,1616,1450,49.2
BRIARCLIFF MANOR UFSD,97.0,1.0,30106.31,1390,732,658,32.4
BRIDGEHAMPTON UFSD,86.0,7.0,60852.77,209,109,100,77.5
BRIGHTON CSD,95.0,1.0,18309.26,3518,1766,1752,32.0
BROADALBIN-PERTH CSD,90.0,6.0,16438.42,1681,853,828,5.1
BROCKPORT CSD,91.0,2.0,19153.63,3168,1625,1543,20.5
BROCTON CSD,88.0,7.0,22092.47,509,231,278,18.1
BRONXVILLE UFSD,97.0,0.0,25738.45,1642,863,779,19.9
BROOKFIELD CSD,82.0,14.0,24173.83,207,94,113,1.4
BROOKHAVEN-COMSEWOGUE UFSD,92.0,4.0,22056.41,3683,1813,1870,41.8
BRUNSWICK CSD (BRITTONKILL),88.0,4.0,17579.17,1149,585,564,10.5
BRUSHTON-MOIRA CSD,83.0,5.0,20707.52,761,400,361,2.8
BUFFALO CITY SD,76.0,12.0,18959.77,30674,15520,15154,81.0
BURNT HILLS-BALLSTON LAKE CSD,96.0,2.0,17703.0,3082,1562,1520,7.9
BYRAM HILLS CSD,99.0,0.0,34560.05,2274,1159,1115,17.1
BYRON-BERGEN CSD,98.0,1.0,21604.84,828,385,443,11.5
CAIRO-DURHAM CSD,92.0,5.0,21073.84,1179,601,578,18.7
CALEDONIA-MUMFORD CSD,97.0,1.0,18494.78,755,367,388,6.8
CAMBRIDGE CSD,93.0,6.0,20247.7,823,420,403,7.8
CAMDEN CSD,86.0,6.0,19020.69,1963,983,980,6.1
CAMPBELL-SAVONA CSD,95.0,3.0,20618.32,791,373,418,5.4
CANAJOHARIE CSD,94.0,4.0,21495.74,818,416,402,6.2
CANANDAIGUA CITY SD,92.0,4.0,17678.85,3357,1720,1637,12.7
CANASERAGA CSD,71.0,18.0,24196.83,199,94,105,5.5
CANASTOTA CSD,84.0,7.0,17657.1,1275,645,630,10.0
CANDOR CSD,93.0,3.0,19391.18,718,354,364,7.2
CANISTEO-GREENWOOD CSD,93.0,4.0,22874.26,935,495,440,4.3
CANTON CSD,82.0,1.0,20152.15,1171,610,561,7.3
CARLE PLACE UFSD,98.0,0.0,32591.09,1358,712,646,35.4
CARMEL CSD,92.0,3.0,27298.65,3979,2034,1945,37.6
CARTHAGE CSD,89.0,5.0,17149.15,3065,1602,1463,25.9
CASSADAGA VALLEY CSD,88.0,7.0,20862.54,799,422,377,6.0
CATO-MERIDIAN CSD,89.0,5.0,18088.09,860,449,411,8.1
CATSKILL CSD,91.0,4.0,24088.35,1350,668,682,32.9
CATTARAUGUS-LITTLE VALLEY CSD,93.0,4.0,19362.54,858,431,427,6.9
CAZENOVIA CSD,94.0,2.0,17708.25,1360,727,633,6.0
CENTER MORICHES UFSD,93.0,1.0,24593.36,1513,788,725,26.8
CENTRAL ISLIP UFSD,88.0,1.0,21656.92,7571,3929,3642,96.1
CENTRAL SQUARE CSD,87.0,8.0,17310.54,3580,1827,1753,6.1
CENTRAL VALLEY CSD AT ILION-MOHAWK,87.0,5.0,15522.11,2082,1025,1057,9.4
CHAPPAQUA CSD,99.0,0.0,29069.23,3625,1870,1755,25.9
CHARLOTTE VALLEY CSD,0.0,4.0,19819.35,382,202,180,7.3
CHATEAUGAY CSD,97.0,3.0,20495.72,451,243,208,1.3
CHATHAM CSD,94.0,4.0,25024.45,971,491,480,13.0
CHAUTAUQUA LAKE CSD,85.0,3.0,23416.94,706,328,378,5.1
CHAZY UFSD,94.0,6.0,19209.93,455,234,221,5.7
CHEEKTOWAGA CSD,87.0,7.0,16544.11,2138,1109,1029,60.4
CHEEKTOWAGA-MARYVALE UFSD,87.0,5.0,15434.4,2087,1081,1006,27.8
CHEEKTOWAGA-SLOAN UFSD,86.0,5.0,19755.19,1232,641,591,23.5
CHENANGO FORKS CSD,93.0,0.0,18273.44,1340,727,613,7.8
CHENANGO VALLEY CSD,91.0,5.0,18101.82,1648,841,807,10.7
CHERRY VALLEY-SPRINGFIELD CSD,79.0,3.0,24150.04,422,219,203,2.1
CHESTER UFSD,90.0,1.0,24039.21,986,489,497,53.5
CHITTENANGO CSD,90.0,3.0,17253.94,1904,971,933,8.4
CHURCHVILLE-CHILI CSD,91.0,2.0,15793.94,3751,1944,1807,23.1
CINCINNATUS CSD,90.0,5.0,21748.43,514,239,275,2.3
CLARENCE CSD,95.0,2.0,15613.47,4228,2170,2058,12.1
CLARKSTOWN CSD,95.0,1.0,22878.82,7821,4098,3723,42.0
CLEVELAND HILL UFSD,85.0,6.0,18076.74,1254,634,620,52.4
CLIFTON-FINE CSD,77.0,0.0,28678.72,276,134,142,8.3
CLINTON CSD,96.0,1.0,17575.94,1258,649,609,9.2
CLYDE-SAVANNAH CSD,78.0,17.0,21555.55,754,385,369,15.1
CLYMER CSD,93.0,0.0,21086.05,414,221,193,9.4
COBLESKILL-RICHMONDVILLE CSD,93.0,3.0,20054.26,1639,878,761,10.0
COHOES CITY SD,84.0,11.0,17770.18,1873,943,930,28.9
COLD SPRING HARBOR CSD,99.0,0.0,33287.48,1635,838,797,13.9
COLTON-PIERREPONT CSD,94.0,0.0,22481.64,339,169,170,0.6
COMMACK UFSD,97.0,0.0,26170.47,5875,3018,2857,23.3
CONNETQUOT CSD,95.0,2.0,28395.35,5509,2786,2723,26.7
COOPERSTOWN CSD,99.0,1.0,19740.77,818,413,405,8.8
COPENHAGEN CSD,100.0,0.0,18762.25,393,212,181,7.6
COPIAGUE UFSD,89.0,7.0,18858.63,4965,2443,2522,87.7
CORINTH CSD,86.0,6.0,15265.53,1139,586,553,4.8
CORNING CITY SD,88.0,6.0,19702.53,4551,2359,2192,13.5
CORNWALL CSD,96.0,3.0,18883.36,3102,1632,1470,35.5
CORTLAND CITY SD,80.0,7.0,18587.04,2132,1092,1040,15.1
COXSACKIE-ATHENS CSD,82.0,7.0,20955.92,1242,679,563,15.5
CROTON-HARMON UFSD,96.0,0.0,23468.52,1584,820,764,28.7
CROWN POINT CSD,95.0,5.0,20638.87,286,135,151,0.7
CUBA-RUSHFORD CSD,92.0,0.0,19895.03,780,433,347,5.0
DALTON-NUNDA CSD (KESHEQUA),98.0,0.0,20242.29,589,297,292,2.5
DANSVILLE CSD,85.0,10.0,17846.3,1304,652,652,6.7
DEER PARK UFSD,92.0,1.0,24053.21,3864,1984,1880,63.6
DELAWARE ACADEMY CSD AT DELHI,90.0,0.0,20269.67,747,379,368,5.5
DEPEW UFSD,85.0,5.0,16749.58,1784,905,879,14.9
DEPOSIT CSD,97.0,3.0,26448.82,458,242,216,3.9
DERUYTER CSD,88.0,6.0,24461.18,326,168,158,7.4
DOBBS FERRY UFSD,99.0,0.0,27547.73,1516,783,733,35.2
DOLGEVILLE CSD,87.0,9.0,17450.78,815,393,422,1.5
DOVER UFSD,84.0,6.0,20364.65,1351,691,660,38.3
DOWNSVILLE CSD,85.0,8.0,36396.35,207,98,109,7.7
DRYDEN CSD,68.0,14.0,22428.41,1364,699,665,15.8
DUANESBURG CSD,98.0,2.0,18262.05,651,339,312,6.1
DUNDEE CSD,68.0,23.0,20317.42,621,330,291,8.5
DUNKIRK CITY SD,71.0,19.0,21073.97,1957,996,961,64.0
EAST AURORA UFSD,97.0,1.0,14972.77,1758,902,856,5.6
EAST BLOOMFIELD CSD,94.0,2.0,19459.4,816,420,396,8.5
EAST GREENBUSH CSD,96.0,2.0,17840.81,4088,2049,2039,21.1
EAST HAMPTON UFSD,83.0,9.0,32627.14,1712,852,860,62.6
EAST IRONDEQUOIT CSD,90.0,6.0,21188.16,2945,1488,1457,55.6
EAST ISLIP UFSD,95.0,2.0,27025.08,3549,1855,1694,27.2
EAST MEADOW UFSD,95.0,0.0,24954.87,7240,3643,3597,51.7
EAST MORICHES UFSD,,,20972.97,684,335,349,18.9
EAST QUOGUE UFSD,,,30127.26,390,203,187,34.6
EAST RAMAPO CSD (SPRING VALLEY),65.0,20.0,20759.17,9387,4909,4478,96.6
EAST ROCHESTER UFSD,80.0,8.0,21751.23,957,488,469,27.3
EAST ROCKAWAY UFSD,96.0,1.0,27495.82,1173,576,597,40.2
EAST SYRACUSE MINOA CSD,90.0,1.0,20125.41,3138,1608,1530,14.9
EAST WILLISTON UFSD,99.0,0.0,29899.6,1722,914,808,42.4
EASTCHESTER UFSD,99.0,0.0,23455.55,3232,1684,1548,32.9
EASTPORT-SOUTH MANOR CSD,96.0,2.0,23188.7,3225,1646,1579,13.6
EDEN CSD,88.0,3.0,17729.04,1307,669,638,6.6
EDGEMONT UFSD,98.0,0.0,26154.46,2049,1061,988,54.8
EDINBURG COMN SD,,,37016.86,53,26,27,3.8
EDMESTON CSD,91.0,3.0,21675.32,355,179,176,5.4
EDWARDS-KNOX CSD,83.0,5.0,20184.28,485,257,228,2.7
ELBA CSD,80.0,16.0,21297.72,374,194,180,20.6
ELDRED CSD,88.0,2.0,27604.29,464,224,240,14.4
ELLENVILLE CSD,81.0,11.0,26476.75,1516,751,765,53.8
ELLICOTTVILLE CSD,92.0,3.0,17000.21,568,295,273,8.5
ELMIRA CITY SD,73.0,16.0,18365.57,5544,2848,2696,28.6
ELMIRA HEIGHTS CSD,88.0,6.0,17766.08,1018,503,515,12.8
ELMONT UFSD,,,21485.41,3324,1690,1634,95.1
ELMSFORD UFSD,89.0,1.0,28619.63,967,494,473,91.9
ELWOOD UFSD,98.0,1.0,25149.52,2049,1031,1018,37.1
EVANS-BRANT CSD (LAKE SHORE),90.0,6.0,21444.49,2179,1124,1055,22.8
FABIUS-POMPEY CSD,92.0,0.0,23378.61,611,302,309,5.6
FAIRPORT CSD,94.0,2.0,18288.31,5683,2932,2751,14.9
FALCONER CSD,90.0,5.0,15754.62,1119,574,545,6.0
FALLSBURG CSD,79.0,8.0,8070.27,1410,688,722,71.5
FARMINGDALE UFSD,95.0,3.0,26389.39,5521,2882,2639,41.0
FAYETTEVILLE-MANLIUS CSD,96.0,0.0,17546.6,4203,2114,2089,19.8
FILLMORE CSD,96.0,2.0,16259.19,639,320,319,4.2
FIRE ISLAND UFSD,,,117584.61,30,14,16,26.7
FISHERS ISLAND UFSD,90.0,0.0,53804.95,61,26,35,14.8
FLORAL PARK-BELLEROSE UFSD,,,17858.44,1472,750,722,41.8
FLORIDA UFSD,97.0,1.0,24475.23,789,399,390,39.4
FONDA-FULTONVILLE CSD,92.0,6.0,17693.4,1245,635,610,7.1
FORESTVILLE CSD,90.0,4.0,19092.34,433,212,221,14.1
FORT ANN CSD,81.0,8.0,23523.79,421,244,177,6.9
FORT EDWARD UFSD,74.0,21.0,22672.08,444,224,220,8.8
FORT PLAIN CSD,86.0,2.0,20887.78,769,401,368,12.9
FRANKFORT-SCHUYLER CSD,90.0,1.0,17334.49,893,457,436,6.8
FRANKLIN CSD,100.0,0.0,24410.51,244,114,130,9.8
FRANKLIN SQUARE UFSD,,,16757.04,1832,953,879,41.8
FRANKLINVILLE CSD,83.0,6.0,25123.2,594,293,301,7.9
FREDONIA CSD,96.0,2.0,17255.21,1418,730,688,20.7
FREEPORT UFSD,86.0,2.0,21484.73,6765,3582,3183,94.5
FREWSBURG CSD,94.0,2.0,17462.27,777,378,399,6.0
FRIENDSHIP CSD,78.0,9.0,29150.45,304,153,151,9.2
FRONTIER CSD,91.0,3.0,14894.51,4612,2356,2256,11.8
FULTON CITY SD,84.0,10.0,19719.91,3200,1659,1541,10.3
GALWAY CSD,87.0,6.0,18867.04,800,392,408,1.1
GANANDA CSD,90.0,5.0,18478.74,893,440,453,15.2
GARDEN CITY UFSD,98.0,0.0,23500.03,3939,1964,1975,16.0
GARRISON UFSD,,,36524.49,207,109,98,27.5
GATES CHILI CSD,86.0,4.0,19847.69,3698,1833,1865,43.8
GENERAL BROWN CSD,93.0,4.0,13567.3,1388,711,677,6.0
GENESEE VALLEY CSD,90.0,8.0,23997.0,478,243,235,5.0
GENESEO CSD,93.0,3.0,18482.09,855,444,411,17.5
GENEVA CITY SD,88.0,9.0,20180.79,1996,988,1008,57.1
GEORGE JUNIOR REPUBLIC UFSD,41.0,53.0,,190,163,27,26.8
GERMANTOWN CSD,93.0,7.0,5403.88,485,263,222,14.0
GILBERTSVILLE-MOUNT UPTON CSD,92.0,3.0,23117.52,338,164,174,3.8
GILBOA-CONESVILLE CSD,100.0,0.0,26541.08,294,167,127,4.8
GLEN COVE CITY SD,87.0,4.0,22819.95,3163,1613,1550,75.5
GLENS FALLS CITY SD,84.0,8.0,17131.9,2022,1042,980,14.4
GLENS FALLS COMN SD,,,23169.56,157,72,85,19.7
GLOVERSVILLE CITY SD,68.0,17.0,18618.2,2554,1310,1244,20.0
GORHAM-MIDDLESEX CSD (MARCUS WHITMAN,87.0,4.0,19833.28,1119,582,537,3.2
GOSHEN CSD,96.0,0.0,22102.68,2885,1458,1427,22.4
GOUVERNEUR CSD,84.0,9.0,18367.44,1461,739,722,3.9
GOWANDA CSD,82.0,14.0,24073.62,1063,511,552,35.7
GRAND ISLAND CSD,95.0,2.0,17396.91,2869,1462,1407,15.2
GRANVILLE CSD,79.0,11.0,18308.97,1020,545,475,5.3
GREAT NECK UFSD,93.0,2.0,28782.39,6586,3466,3120,56.0
GREECE CSD,93.0,0.0,16901.72,10504,5322,5182,42.1
GREEN ISLAND UFSD,86.0,11.0,23487.08,263,117,146,19.0
GREENBURGH CSD,93.0,0.0,34414.7,1581,803,778,87.9
GREENBURGH ELEVEN UFSD,22.0,33.0,,71,71,0,95.8
GREENBURGH-GRAHAM UFSD,0.0,0.0,,102,60,42,88.2
GREENBURGH-NORTH CASTLE UFSD,,,,395,259,136,76.2
GREENE CSD,89.0,6.0,20546.04,924,479,445,5.3
GREENPORT UFSD,75.0,20.0,24403.49,660,351,309,72.7
GREENVILLE CSD,87.0,3.0,23538.21,1126,573,553,4.4
GREENWICH CSD,91.0,1.0,18651.65,945,496,449,5.1
GREENWOOD LAKE UFSD,,,33865.79,474,236,238,35.2
GROTON CSD,90.0,3.0,19387.04,778,387,391,8.9
GUILDERLAND CSD,94.0,2.0,17693.96,4841,2451,2390,26.5
HADLEY-LUZERNE CSD,89.0,7.0,25299.07,640,350,290,4.4
HALDANE CSD,93.0,3.0,25957.28,796,423,373,17.2
HALF HOLLOW HILLS CSD,95.0,1.0,27791.97,7676,3950,3726,47.2
HAMBURG CSD,92.0,3.0,17076.46,3321,1649,1672,7.0
HAMILTON CSD,90.0,5.0,20603.59,554,303,251,8.7
HAMMOND CSD,74.0,16.0,26123.36,242,124,118,1.2
HAMMONDSPORT CSD,76.0,11.0,27744.76,395,196,199,7.3
HAMPTON BAYS UFSD,91.0,6.0,21642.94,2006,1048,958,63.1
HANCOCK CSD,97.0,3.0,29004.88,308,159,149,9.4
HANNIBAL CSD,82.0,10.0,19515.27,1236,649,587,4.0
HARBORFIELDS CSD,95.0,1.0,24499.74,2965,1510,1455,28.1
HARPURSVILLE CSD,84.0,3.0,21205.12,641,365,276,4.7
HARRISON CSD,98.0,1.0,28893.27,3653,1820,1833,35.2
HARRISVILLE CSD,91.0,9.0,25442.94,340,175,165,5.6
HARTFORD CSD,83.0,7.0,21509.8,410,230,180,6.3
HASTINGS-ON-HUDSON UFSD,96.0,1.0,27795.13,1656,840,816,28.5
HAUPPAUGE UFSD,95.0,0.0,28953.45,3272,1725,1547,27.8
HAVERSTRAW-STONY POINT CSD (NORTH RO,86.0,6.0,22215.24,7886,4031,3855,77.5
HAWTHORNE-CEDAR KNOLLS UFSD,30.0,10.0,,207,133,74,90.3
HEMPSTEAD UFSD,78.0,10.0,21489.7,6825,3624,3201,98.5
HENDRICK HUDSON CSD,94.0,1.0,28567.9,2267,1146,1121,44.2
HERKIMER CSD,82.0,9.0,16820.51,1059,550,509,10.7
HERMON-DEKALB CSD,91.0,6.0,21992.93,391,201,190,3.8
HERRICKS UFSD,97.0,0.0,25834.33,4007,2067,1940,75.3
HEUVELTON CSD,75.0,8.0,21354.54,504,260,244,4.0
HEWLETT-WOODMERE UFSD,95.0,1.0,32708.8,2854,1511,1343,37.6
HICKSVILLE UFSD,92.0,4.0,21799.6,5272,2747,2525,74.2
HIGHLAND CSD,93.0,4.0,22380.21,1666,840,826,30.3
HIGHLAND FALLS CSD,87.0,8.0,23505.03,962,474,488,41.9
HILTON CSD,94.0,1.0,15641.88,4295,2219,2076,12.0
HINSDALE CSD,77.0,20.0,20616.41,387,175,212,8.5
HOLLAND CSD,95.0,2.0,18196.59,829,432,397,4.7
HOLLAND PATENT CSD,88.0,5.0,18430.98,1298,679,619,1.1
HOLLEY CSD,94.0,2.0,19510.21,902,444,458,16.2
HOMER CSD,88.0,6.0,18818.88,1831,951,880,6.7
HONEOYE CSD,94.0,0.0,23910.02,569,311,258,3.3
HONEOYE FALLS-LIMA CSD,94.0,2.0,17749.56,2122,1136,986,8.1
HOOSIC VALLEY CSD,92.0,3.0,18681.68,931,486,445,4.2
HOOSICK FALLS CSD,90.0,3.0,18103.91,1064,548,516,8.1
HORNELL CITY SD,86.0,4.0,18297.48,1528,754,774,14.8
HORSEHEADS CSD,92.0,3.0,16537.38,3842,1956,1886,13.2
HUDSON CITY SD,80.0,7.0,24261.33,1617,810,807,60.0
HUDSON FALLS CSD,79.0,13.0,14076.68,2259,1137,1122,10.2
HUNTER-TANNERSVILLE CSD,85.0,4.0,30553.49,331,150,181,19.0
HUNTINGTON UFSD,90.0,2.0,23794.52,4459,2307,2152,65.3
HYDE PARK CSD,88.0,6.0,23435.59,3396,1735,1661,40.6
INDIAN LAKE CSD,89.0,0.0,43135.85,100,45,55,7.0
INDIAN RIVER CSD,87.0,7.0,19354.3,3543,1772,1771,34.3
IROQUOIS CSD,98.0,1.0,20509.11,2127,1078,1049,5.4
IRVINGTON UFSD,92.0,0.0,29339.93,1776,936,840,31.7
ISLAND PARK UFSD,,,32114.61,683,341,342,48.0
ISLAND TREES UFSD,95.0,2.0,24009.41,2238,1139,1099,37.0
ISLIP UFSD,97.0,3.0,26255.56,2726,1347,1379,43.0
ITHACA CITY SD,87.0,3.0,20297.74,5052,2578,2474,35.8
JAMESTOWN CITY SD,74.0,14.0,15641.5,4479,2304,2175,38.3
JAMESVILLE-DEWITT CSD,94.0,2.0,18413.64,2693,1404,1289,26.6
JASPER-TROUPSBURG CSD,90.0,5.0,26007.34,401,216,185,2.2
JEFFERSON CSD,92.0,4.0,26743.1,196,100,96,4.6
JERICHO UFSD,96.0,0.0,33337.94,3159,1692,1467,70.5
JOHNSBURG CSD,89.0,11.0,27133.01,301,157,144,3.7
JOHNSON CITY CSD,90.0,5.0,18386.55,2347,1187,1160,44.0
JOHNSTOWN CITY SD,88.0,3.0,15993.37,1501,800,701,8.2
JORDAN-ELBRIDGE CSD,94.0,5.0,18668.5,1112,585,527,5.4
KATONAH-LEWISBORO UFSD,94.0,1.0,32363.39,2915,1501,1414,20.9
KEENE CSD,92.0,8.0,34485.18,157,75,82,8.3
KENDALL CSD,98.0,0.0,18527.39,684,356,328,10.1
KENMORE-TONAWANDA UFSD,88.0,5.0,19948.14,6648,3363,3285,26.4
KINDERHOOK CSD,96.0,0.0,20073.39,1683,858,825,15.5
KINGS PARK CSD,97.0,0.0,25791.61,2886,1440,1446,16.0
KINGSTON CITY SD,87.0,8.0,22986.93,6308,3166,3142,48.6
KIRYAS JOEL VILLAGE UFSD,0.0,43.0,107717.2,167,91,76,0.0
LA FARGEVILLE CSD,95.0,5.0,17047.91,495,246,249,6.7
LACKAWANNA CITY SD,82.0,14.0,17378.83,1790,937,853,35.7
LAFAYETTE CSD,94.0,0.0,25122.89,792,401,391,40.3
LAKE GEORGE CSD,96.0,2.0,28540.5,722,360,362,8.2
LAKE PLACID CSD,88.0,2.0,26784.06,569,271,298,6.3
LAKE PLEASANT CSD,,,47512.33,65,33,32,1.5
LAKELAND CSD,92.0,1.0,24687.8,5510,2787,2723,36.9
LANCASTER CSD,95.0,0.0,14140.1,5631,2874,2757,8.6
LANSING CSD,90.0,1.0,21726.47,1187,602,585,19.8
LANSINGBURGH CSD,85.0,9.0,18039.45,2110,1134,976,43.8
LAURENS CSD,84.0,8.0,23669.72,301,141,160,11.6
LAWRENCE UFSD,78.0,11.0,27720.33,2446,1289,1157,87.4
LE ROY CSD,90.0,5.0,16863.6,1176,583,593,8.2
LETCHWORTH CSD,94.0,0.0,17015.69,893,464,429,4.0
LEVITTOWN UFSD,94.0,1.0,26952.8,7102,3635,3467,36.4
LEWISTON-PORTER CSD,92.0,4.0,18690.08,1920,1004,916,9.2
LIBERTY CSD,77.0,14.0,23182.34,1694,876,818,58.3
LINDENHURST UFSD,91.0,4.0,23636.09,5674,2882,2792,34.9
LISBON CSD,92.0,0.0,20676.12,559,282,277,2.5
LITTLE FALLS CITY SD,79.0,17.0,19877.83,1073,546,527,10.0
LITTLE FLOWER UFSD,,,,97,64,33,50.5
LIVERPOOL CSD,84.0,5.0,18169.54,6927,3478,3449,28.7
LIVINGSTON MANOR CSD,74.0,10.0,30012.19,410,191,219,20.5
LIVONIA CSD,98.0,1.0,19693.89,1449,767,682,5.9
LOCKPORT CITY SD,89.0,2.0,18128.21,4328,2206,2122,29.5
LOCUST VALLEY CSD,97.0,0.0,37089.06,2012,1028,984,26.8
LONG BEACH CITY SD,97.0,1.0,31355.75,3613,1879,1734,41.9
LONG LAKE CSD,,,52830.45,59,32,27,5.1
LONGWOOD CSD,89.0,5.0,21996.25,9042,4626,4416,54.6
LOWVILLE ACADEMY & CSD,92.0,5.0,16364.3,1283,653,630,6.4
LYME CSD,95.0,5.0,19158.07,331,157,174,6.9
LYNBROOK UFSD,97.0,1.0,26396.92,2787,1422,1365,32.9
LYNCOURT UFSD,,,20346.46,373,196,177,47.5
LYNDONVILLE CSD,96.0,4.0,20760.99,586,296,290,12.1
LYONS CSD,74.0,14.0,25724.35,833,434,399,25.5
MADISON CSD,94.0,3.0,18344.65,454,212,242,1.8
MADRID-WADDINGTON CSD,93.0,2.0,19452.88,655,331,324,3.5
MAHOPAC CSD,94.0,2.0,26934.25,3972,2029,1943,28.5
MAINE-ENDWELL CSD,89.0,7.0,15937.75,2459,1226,1233,12.4
MALONE CSD,87.0,4.0,20754.3,2199,1191,1008,3.4
MALVERNE UFSD,92.0,3.0,28071.16,1724,910,814,82.0
MAMARONECK UFSD,94.0,2.0,22853.8,5596,2917,2679,32.2
MANCHESTER-SHORTSVILLE CSD (RED JACK,82.0,4.0,18766.55,763,404,359,11.8
MANHASSET UFSD,98.0,0.0,25655.38,3163,1680,1483,35.9
MARATHON CSD,98.0,0.0,21017.92,653,327,326,3.4
MARCELLUS CSD,92.0,3.0,19566.23,1505,802,703,4.9
MARGARETVILLE CSD,88.0,8.0,25293.61,330,164,166,29.4
MARION CSD,86.0,4.0,22443.32,634,311,323,13.2
MARLBORO CSD,91.0,4.0,21764.9,1891,968,923,37.2
MASSAPEQUA UFSD,98.0,1.0,25406.75,6713,3337,3376,10.6
MASSENA CSD,84.0,7.0,16440.97,2475,1222,1253,14.3
MATTITUCK-CUTCHOGUE UFSD,93.0,1.0,31170.72,1101,584,517,23.0
MAYFIELD CSD,90.0,4.0,18856.31,842,437,405,6.2
MCGRAW CSD,89.0,5.0,18417.53,527,256,271,4.6
MECHANICVILLE CITY SD,94.0,4.0,16937.42,1346,717,629,11.2
MEDINA CSD,84.0,8.0,18543.05,1387,672,715,22.6
MENANDS UFSD,,,17152.22,305,162,143,74.4
MERRICK UFSD,,,29454.36,1510,768,742,13.9
MEXICO CSD,90.0,3.0,21774.73,1944,991,953,5.7
MIDDLE COUNTRY CSD,91.0,4.0,22520.78,9050,4660,4390,40.8
MIDDLEBURGH CSD,93.0,4.0,26103.54,654,316,338,3.2
MIDDLETOWN CITY SD,83.0,9.0,19264.71,7405,3739,3666,87.3
MILFORD CSD,88.0,4.0,24297.78,334,176,158,4.2
MILLBROOK CSD,96.0,0.0,26186.89,880,451,429,22.0
MILLER PLACE UFSD,97.0,1.0,24358.13,2490,1308,1182,14.5
MINEOLA UFSD,94.0,2.0,28437.39,2790,1460,1330,49.2
MINERVA CSD,40.0,20.0,41834.28,99,45,54,7.1
MINISINK VALLEY CSD,89.0,1.0,19866.22,3493,1779,1714,25.9
MONROE-WOODBURY CSD,91.0,4.0,21906.32,6702,3384,3318,52.5
MONTAUK UFSD,,,44925.84,286,146,140,36.4
MONTICELLO CSD,83.0,7.0,23954.2,2786,1424,1362,58.2
MORAVIA CSD,84.0,9.0,18050.12,873,434,439,4.2
MORIAH CSD,89.0,6.0,20297.03,666,342,324,0.8
MORRIS CSD,77.0,0.0,23527.09,310,165,145,8.7
MORRISTOWN CSD,82.0,14.0,21795.55,322,167,155,4.3
MORRISVILLE-EATON CSD,88.0,8.0,20737.05,588,289,299,7.7
MOUNT MARKHAM CSD,86.0,8.0,19200.39,1038,527,511,3.9
MT MORRIS CSD,85.0,10.0,21224.05,515,264,251,30.3
MT PLEASANT CSD,96.0,0.0,27690.51,1902,993,909,20.8
MT PLEASANT-BLYTHEDALE UFSD,0.0,0.0,,124,68,56,70.2
MT PLEASANT-COTTAGE UFSD,9.0,27.0,,214,103,111,89.3
MT SINAI UFSD,97.0,1.0,22321.61,2176,1131,1045,17.2
MT VERNON SCHOOL DISTRICT,68.0,10.0,27660.55,7326,3755,3571,95.5
NANUET UFSD,94.0,1.0,25962.31,2218,1126,1092,53.1
NAPLES CSD,87.0,4.0,17557.81,599,305,294,3.0
NEW HARTFORD CSD,97.0,1.0,17848.92,2553,1308,1245,14.8
NEW HYDE PARK-GARDEN CITY PARK UFSD,,,19533.7,1719,882,837,76.6
NEW LEBANON CSD,92.0,5.0,9766.29,409,205,204,7.8
NEW PALTZ CSD,94.0,3.0,25094.98,2037,1036,1001,24.7
NEW ROCHELLE CITY SD,80.0,3.0,22932.93,10286,5394,4892,74.9
NEW SUFFOLK COMN SD,,,36043.61,16,9,7,18.8
NEWARK CSD,88.0,9.0,20106.84,1983,1014,969,29.7
NEWARK VALLEY CSD,88.0,5.0,18004.61,1075,547,528,4.4
NEWBURGH CITY SD,78.0,10.0,21654.67,10913,5664,5249,83.4
NEWCOMB CSD,100.0,0.0,59290.5,68,39,29,5.9
NEWFANE CSD,92.0,5.0,20242.16,1333,677,656,7.3
NEWFIELD CSD,84.0,6.0,22438.23,728,355,373,19.5
NIAGARA FALLS CITY SD,64.0,24.0,16647.7,6572,3240,3332,61.0
NIAGARA-WHEATFIELD CSD,90.0,5.0,17860.17,3411,1738,1673,21.1
NISKAYUNA CSD,94.0,1.0,15876.85,4294,2239,2055,31.3
NORTH BABYLON UFSD,93.0,4.0,25157.29,4539,2335,2204,64.0
NORTH BELLMORE UFSD,,,22631.36,2020,1014,1006,29.8
NORTH COLLINS CSD,92.0,4.0,21209.35,547,277,270,9.1
NORTH COLONIE CSD,93.0,3.0,16378.28,5887,2974,2913,37.1
NORTH GREENBUSH COMN SD (WILLIAMS),,,37967.85,13,5,8,15.4
NORTH MERRICK UFSD,,,25386.74,1188,610,578,26.9
NORTH ROSE-WOLCOTT CSD,87.0,6.0,21632.65,1114,535,579,13.3
NORTH SALEM CSD,96.0,2.0,34752.96,1046,523,523,25.9
NORTH SHORE CSD,96.0,0.0,36171.47,2567,1332,1235,23.1
NORTH SYRACUSE CSD,87.0,5.0,15859.19,8175,4198,3977,19.1
NORTH TONAWANDA CITY SD,86.0,7.0,17409.1,3184,1593,1591,10.9
NORTH WARREN CSD,92.0,5.0,22431.62,493,269,224,8.9
NORTHEAST CSD,87.0,6.0,26227.2,626,333,293,30.5
NORTHEASTERN CLINTON CSD,81.0,9.0,22148.23,1235,622,613,4.2
NORTHERN ADIRONDACK CSD,86.0,9.0,25473.35,785,418,367,1.0
NORTHPORT-EAST NORTHPORT UFSD,96.0,2.0,28285.29,5053,2646,2407,19.0
NORTHVILLE CSD,94.0,3.0,20631.26,420,197,223,8.1
NORWICH CITY SD,86.0,4.0,18999.6,1672,848,824,9.4
NORWOOD-NORFOLK CSD,90.0,5.0,20364.35,943,473,470,3.8
NY MILLS UFSD,87.0,4.0,22734.23,541,267,274,11.3
NYACK UFSD,91.0,5.0,24606.88,2866,1432,1434,57.8
NYC GEOG DIST # 1 - MANHATTAN,68.0,8.0,19153.22,10473,5481,4992,81.6
NYC GEOG DIST # 2 - MANHATTAN,81.0,5.0,15883.91,59568,28456,31112,73.4
NYC GEOG DIST # 3 - MANHATTAN,81.0,3.0,16663.02,21132,9599,11533,66.5
NYC GEOG DIST # 4 - MANHATTAN,85.0,4.0,21385.49,11510,5594,5916,95.0
NYC GEOG DIST # 5 - MANHATTAN,74.0,5.0,23248.48,9332,4954,4378,93.6
NYC GEOG DIST # 6 - MANHATTAN,75.0,5.0,20480.9,19124,9709,9415,94.4
NYC GEOG DIST # 7 - BRONX,69.0,9.0,22088.49,16318,8639,7679,98.5
NYC GEOG DIST # 8 - BRONX,66.0,13.0,20068.55,24613,12660,11953,94.4
NYC GEOG DIST # 9 - BRONX,74.0,9.0,20785.08,29653,14989,14664,98.7
NYC GEOG DIST #10 - BRONX,80.0,7.0,18515.51,49381,25187,24194,94.1
NYC GEOG DIST #11 - BRONX,75.0,8.0,17704.26,35438,18643,16795,91.1
NYC GEOG DIST #12 - BRONX,63.0,12.0,20174.92,19427,10007,9420,98.6
NYC GEOG DIST #13 - BROOKLYN,90.0,2.0,16254.63,19994,10672,9322,82.8
NYC GEOG DIST #14 - BROOKLYN,82.0,5.0,19282.51,16583,8684,7899,85.1
NYC GEOG DIST #15 - BROOKLYN,71.0,5.0,18079.91,29846,14881,14965,69.9
NYC GEOG DIST #16 - BROOKLYN,60.0,5.0,24918.87,5425,2891,2534,97.3
NYC GEOG DIST #17 - BROOKLYN,74.0,6.0,19294.66,19019,9361,9658,96.9
NYC GEOG DIST #18 - BROOKLYN,67.0,6.0,20378.87,12417,6499,5918,96.6
NYC GEOG DIST #19 - BROOKLYN,79.0,6.0,20178.57,19389,10230,9159,97.9
NYC GEOG DIST #20 - BROOKLYN,76.0,7.0,15814.7,49535,25915,23620,75.5
NYC GEOG DIST #21 - BROOKLYN,77.0,6.0,16986.32,33868,17379,16489,67.6
NYC GEOG DIST #22 - BROOKLYN,85.0,3.0,16774.61,31931,16127,15804,67.4
NYC GEOG DIST #23 - BROOKLYN,52.0,12.0,23142.85,7714,4315,3399,98.7
NYC GEOG DIST #24 - QUEENS,80.0,5.0,16393.21,54124,28429,25695,86.8
NYC GEOG DIST #25 - QUEENS,76.0,5.0,16025.35,35583,18163,17420,88.7
NYC GEOG DIST #26 - QUEENS,92.0,3.0,14190.81,30802,15826,14976,84.7
NYC GEOG DIST #27 - QUEENS,76.0,10.0,17641.03,40675,21347,19328,90.0
NYC GEOG DIST #28 - QUEENS,84.0,5.0,15026.48,38378,19482,18896,84.4
NYC GEOG DIST #29 - QUEENS,77.0,6.0,16852.11,23776,12395,11381,98.2
NYC GEOG DIST #30 - QUEENS,86.0,4.0,16113.61,36697,18539,18158,83.4
NYC GEOG DIST #31 - STATEN ISLAND,84.0,4.0,18970.34,57787,29605,28182,55.6
NYC GEOG DIST #32 - BROOKLYN,75.0,8.0,20978.36,9850,5045,4805,97.6
NYC SPEC SCHOOLS - DIST 75,,,6091.88,25358,18632,6726,87.3
OAKFIELD-ALABAMA CSD,85.0,3.0,18394.15,772,379,393,6.7
OCEANSIDE UFSD,94.0,0.0,22535.44,5506,2852,2654,29.4
ODESSA-MONTOUR CSD,93.0,4.0,18234.83,723,379,344,6.6
OGDENSBURG CITY SD,80.0,12.0,22365.24,1475,763,712,2.0
OLEAN CITY SD,74.0,10.0,18698.78,1925,1008,917,18.6
ONEIDA CITY SD,85.0,9.0,18768.6,1857,923,934,11.6
ONEONTA CITY SD,84.0,7.0,17884.13,1734,885,849,21.6
ONONDAGA CSD,90.0,6.0,19020.04,768,369,399,27.3
ONTEORA CSD,87.0,4.0,38615.96,1201,597,604,25.3
OPPENHEIM-EPHRATAH-ST. JOHNSVILLE CS,85.0,9.0,21080.92,689,335,354,3.0
ORCHARD PARK CSD,97.0,0.0,18291.68,4649,2318,2331,7.4
ORISKANY CSD,92.0,2.0,20301.77,569,294,275,8.1
OSSINING UFSD,80.0,2.0,22422.6,4774,2464,2310,79.6
OSWEGO CITY SD,81.0,8.0,19998.39,3626,1870,1756,10.3
OTEGO-UNADILLA CSD,87.0,5.0,21458.71,716,338,378,11.9
OTSELIC VALLEY CSD,94.0,3.0,27026.81,291,142,149,1.7
OWEGO-APALACHIN CSD,92.0,3.0,18179.7,1922,990,932,5.0
OXFORD ACADEMY & CSD,95.0,2.0,22363.77,706,349,357,7.8
OYSTER BAY-EAST NORWICH CSD,95.0,3.0,31106.27,1528,776,752,36.9
OYSTERPONDS UFSD,,,39628.6,65,29,36,30.8
PALMYRA-MACEDON CSD,91.0,7.0,18477.61,1789,927,862,7.4
PANAMA CSD,100.0,0.0,21679.03,436,223,213,5.5
PARISHVILLE-HOPKINTON CSD,97.0,0.0,25102.89,365,187,178,1.1
PATCHOGUE-MEDFORD UFSD,86.0,4.0,22688.05,7349,3796,3553,56.0
PAVILION CSD,83.0,11.0,21512.28,638,332,306,5.2
PAWLING CSD,93.0,0.0,28302.88,1114,571,543,29.4
PEARL RIVER UFSD,96.0,1.0,23852.0,2361,1207,1154,23.1
PEEKSKILL CITY SD,80.0,8.0,22977.07,3352,1791,1561,93.1
PELHAM UFSD,98.0,0.0,22511.94,2913,1515,1398,34.7
PEMBROKE CSD,92.0,2.0,21102.75,910,435,475,6.5
PENFIELD CSD,97.0,1.0,16744.56,4587,2333,2254,17.6
PENN YAN CSD,87.0,8.0,22166.64,1312,640,672,7.5
PERRY CSD,92.0,3.0,18437.89,772,389,383,9.8
PERU CSD,89.0,7.0,21325.68,1822,948,874,5.8
PHELPS-CLIFTON SPRINGS CSD,85.0,11.0,18223.93,1549,809,740,10.5
PHOENIX CSD,87.0,8.0,21337.44,1644,839,805,5.2
PINE BUSH CSD,91.0,4.0,20058.09,4925,2563,2362,30.7
PINE PLAINS CSD,89.0,5.0,28458.63,855,425,430,21.6
PINE VALLEY CSD (SOUTH DAYTON),66.0,15.0,24415.35,485,243,242,9.7
PITTSFORD CSD,98.0,0.0,19861.85,5588,2876,2712,26.9
PLAINEDGE UFSD,95.0,0.0,26342.58,2823,1454,1369,13.8
PLAINVIEW-OLD BETHPAGE CSD,96.0,0.0,26869.5,4955,2547,2408,33.7
PLATTSBURGH CITY SD,84.0,8.0,21291.56,1800,935,865,14.2
PLEASANTVILLE UFSD,93.0,1.0,25303.29,1695,877,818,24.3
POCANTICO HILLS CSD,,,53858.3,285,137,148,61.4
POLAND CSD,93.0,7.0,23870.17,487,242,245,7.0
PORT BYRON CSD,86.0,4.0,23478.26,728,356,372,5.5
PORT CHESTER-RYE UFSD,82.0,5.0,17876.84,4775,2502,2273,87.4
PORT JEFFERSON UFSD,96.0,1.0,35628.81,1022,526,496,23.9
PORT JERVIS CITY SD,86.0,6.0,25319.9,2444,1245,1199,34.2
PORT WASHINGTON UFSD,93.0,2.0,25331.03,5364,2749,2615,37.0
PORTVILLE CSD,95.0,3.0,14307.29,986,469,517,6.6
POTSDAM CSD,95.0,3.0,20234.62,1234,667,567,8.9
POUGHKEEPSIE CITY SD,60.0,19.0,21427.37,4154,2184,1970,93.7
PRATTSBURGH CSD,84.0,4.0,18240.82,360,179,181,8.1
PULASKI CSD,87.0,4.0,20825.86,924,465,459,3.8
PUTNAM CSD,,,23009.37,28,19,9,0.0
PUTNAM VALLEY CSD,97.0,1.0,26817.67,1598,808,790,31.5
QUEENSBURY UFSD,90.0,3.0,16548.22,3135,1622,1513,7.0
QUOGUE UFSD,,,69868.4,77,38,39,23.4
RANDOLPH ACAD UFSD,,,,164,118,46,37.2
RANDOLPH CSD,99.0,0.0,18397.12,846,421,425,11.0
RAVENA-COEYMANS-SELKIRK CSD,88.0,6.0,18848.63,1768,895,873,19.1
RED CREEK CSD,88.0,10.0,21345.38,783,424,359,5.0
RED HOOK CSD,91.0,4.0,24227.11,1766,918,848,16.5
REMSEN CSD,87.0,0.0,26257.19,405,216,189,3.5
REMSENBURG-SPEONK UFSD,,,58547.76,132,66,66,27.3
RENSSELAER CITY SD,84.0,5.0,17978.0,1028,524,504,44.6
RHINEBECK CSD,93.0,1.0,30026.67,944,466,478,16.9
RICHFIELD SPRINGS CSD,92.0,8.0,24034.39,402,223,179,5.5
RIPLEY CSD,,,33327.7,123,61,62,4.9
RIVERHEAD CSD,76.0,13.0,18810.89,5829,3028,2801,67.0
ROCHESTER CITY SD,68.0,13.0,19885.5,25017,12904,12113,90.4
ROCKVILLE CENTRE UFSD,98.0,0.0,29490.95,3579,1855,1724,26.5
ROCKY POINT UFSD,95.0,4.0,24991.0,2905,1441,1464,22.1
ROME CITY SD,82.0,8.0,17823.87,5320,2736,2584,21.0
ROMULUS CSD,82.0,6.0,20890.39,434,210,224,11.1
RONDOUT VALLEY CSD,88.0,8.0,28695.99,1869,978,891,15.9
ROOSEVELT UFSD,75.0,16.0,20300.43,3346,1780,1566,99.9
ROSCOE CSD,89.0,0.0,30693.78,220,120,100,13.6
ROSLYN UFSD,99.0,1.0,29181.7,3195,1622,1573,32.2
ROTTERDAM-MOHONASEN CSD,91.0,3.0,15118.77,2798,1418,1380,23.9
ROXBURY CSD,86.0,0.0,34739.37,239,112,127,4.2
ROYALTON-HARTLAND CSD,92.0,6.0,16056.73,1206,587,619,8.7
RUSH-HENRIETTA CSD,92.0,3.0,19635.2,5387,2725,2662,42.6
RYE CITY SD,96.0,0.0,25422.18,3234,1670,1564,20.6
RYE NECK UFSD,93.0,1.0,22836.77,1572,809,763,37.5
SACHEM CSD,94.0,2.0,20861.5,12351,6266,6085,30.0
SACKETS HARBOR CSD,90.0,5.0,18003.63,418,204,214,10.8
SAG HARBOR UFSD,89.0,3.0,38192.07,919,461,458,27.7
SAGAPONACK COMN SD,,,55333.31,16,9,7,6.2
SALAMANCA CITY SD,79.0,3.0,24617.42,1213,628,585,50.5
SALEM CSD,78.0,12.0,19489.37,524,286,238,5.3
SALMON RIVER CSD,85.0,6.0,26274.61,1389,703,686,67.7
SANDY CREEK CSD,90.0,3.0,25117.81,742,396,346,4.6
SARANAC CSD,90.0,7.0,22036.63,1395,714,681,3.6
SARANAC LAKE CSD,93.0,4.0,24587.99,1150,602,548,2.8
SARATOGA SPRINGS CITY SD,92.0,4.0,17059.93,6248,3164,3084,11.8
SAUGERTIES CSD,84.0,10.0,21994.66,2449,1205,1244,24.6
SAUQUOIT VALLEY CSD,93.0,3.0,17140.41,943,463,480,7.6
SAYVILLE UFSD,97.0,0.0,27033.14,2822,1445,1377,12.9
SCARSDALE UFSD,98.0,1.0,28842.09,4749,2450,2299,36.4
SCHALMONT CSD,90.0,4.0,18953.56,1799,940,859,14.7
SCHENECTADY CITY SD,74.0,11.0,18266.0,9243,4779,4464,79.6
SCHENEVUS CSD,81.0,9.0,21163.27,330,177,153,5.8
SCHODACK CSD,97.0,0.0,21104.26,900,465,435,7.9
SCHOHARIE CSD,89.0,4.0,20304.39,889,469,420,5.5
SCHROON LAKE CSD,100.0,0.0,25128.01,259,136,123,1.5
SCHUYLERVILLE CSD,96.0,2.0,19497.47,1517,770,747,4.9
SCIO CSD,81.0,16.0,25594.63,302,165,137,3.0
SCOTIA-GLENVILLE CSD,88.0,6.0,19185.24,2371,1257,1114,10.3
SEAFORD UFSD,95.0,2.0,26115.27,2247,1146,1101,12.4
SENECA FALLS CSD,87.0,6.0,16786.23,1198,618,580,17.9
SEWANHAKA CENTRAL SCHOOL DISTRICT,95.0,1.0,20338.62,8140,4213,3927,68.3
SHARON SPRINGS CSD,94.0,6.0,38377.69,226,109,117,7.1
SHELTER ISLAND UFSD,96.0,4.0,48559.74,192,99,93,33.9
SHENENDEHOWA CSD,92.0,3.0,15279.98,9535,4806,4729,25.3
SHERBURNE-EARLVILLE CSD,86.0,3.0,20802.82,1286,670,616,3.9
SHERMAN CSD,91.0,3.0,20545.12,402,217,185,4.0
SHERRILL CITY SD,95.0,3.0,16933.8,1805,951,854,5.2
SHOREHAM-WADING RIVER CSD,94.0,1.0,26463.85,2039,1042,997,13.3
SIDNEY CSD,93.0,4.0,19569.51,1057,550,507,13.3
SILVER CREEK CSD,89.0,4.0,19547.02,1022,495,527,28.8
SKANEATELES CSD,94.0,2.0,19456.71,1283,682,601,6.0
SMITHTOWN CSD,95.0,0.0,24979.97,8398,4222,4176,19.6
SODUS CSD,86.0,4.0,20747.89,965,512,453,40.6
SOLVAY UFSD,89.0,1.0,18811.28,1380,695,685,28.6
SOMERS CSD,94.0,0.0,27456.96,2862,1465,1397,16.9
SOUTH COLONIE CSD,94.0,2.0,18621.48,4671,2335,2336,35.5
SOUTH COUNTRY CSD,83.0,8.0,26730.96,4065,2111,1954,63.1
SOUTH GLENS FALLS CSD,88.0,5.0,15609.87,2916,1522,1394,8.5
SOUTH HUNTINGTON UFSD,89.0,3.0,23839.17,5849,3047,2802,62.1
SOUTH JEFFERSON CSD,88.0,3.0,15009.88,1814,904,910,6.0
SOUTH KORTRIGHT CSD,94.0,0.0,20685.26,330,170,160,7.3
SOUTH LEWIS CSD,85.0,6.0,21091.9,976,493,483,5.1
SOUTH ORANGETOWN CSD,93.0,2.0,27002.95,2910,1436,1474,32.4
SOUTH SENECA CSD,90.0,7.0,28768.85,618,291,327,5.0
SOUTHAMPTON UFSD,89.0,2.0,35375.27,1471,777,694,55.6
SOUTHERN CAYUGA CSD,86.0,9.0,20456.5,664,331,333,17.5
SOUTHOLD UFSD,87.0,9.0,34388.43,769,417,352,37.7
SOUTHWESTERN CSD AT JAMESTOWN,92.0,4.0,16269.54,1300,703,597,12.2
SPACKENKILL UFSD,90.0,4.0,28094.81,1448,751,697,41.9
SPENCER-VAN ETTEN CSD,81.0,8.0,21091.38,831,420,411,5.1
SPENCERPORT CSD,91.0,4.0,18387.91,3618,1876,1742,20.4
SPRINGS UFSD,,,25059.64,668,365,303,61.7
SPRINGVILLE-GRIFFITH INST CSD,96.0,1.0,19368.61,1647,843,804,5.6
ST REGIS FALLS CSD,95.0,0.0,27120.59,249,125,124,8.0
STAMFORD CSD,71.0,10.0,25978.35,263,117,146,7.2
STARPOINT CSD,93.0,3.0,14872.59,2911,1468,1443,6.8
STILLWATER CSD,84.0,11.0,19288.45,1014,509,505,5.7
STOCKBRIDGE VALLEY CSD,90.0,7.0,20271.97,410,205,205,7.3
SUFFERN CSD,92.0,4.0,27125.39,4012,2024,1988,49.2
SULLIVAN WEST CSD,90.0,8.0,26133.65,1014,532,482,15.1
SUSQUEHANNA VALLEY CSD,87.0,7.0,20962.12,1426,748,678,10.4
SWEET HOME CSD,94.0,3.0,19798.51,3261,1742,1519,37.7
SYOSSET CSD,99.0,0.0,30765.31,6580,3414,3166,47.9
SYRACUSE CITY SD,71.0,11.0,19030.39,19011,9916,9095,78.1
TACONIC HILLS CSD,75.0,12.0,24336.16,1205,612,593,20.2
THOUSAND ISLANDS CSD,95.0,3.0,19397.93,867,425,442,8.4
THREE VILLAGE CSD,96.0,1.0,31655.63,5809,2922,2887,22.9
TICONDEROGA CSD,91.0,5.0,23812.19,682,361,321,1.9
TIOGA CSD,91.0,4.0,15563.69,886,446,440,2.9
TONAWANDA CITY SD,93.0,3.0,16138.8,1729,880,849,13.0
TOWN OF WEBB UFSD,100.0,0.0,26872.8,259,136,123,3.5
TRI-VALLEY CSD,75.0,19.0,27786.88,930,495,435,18.9
TROY CITY SD,88.0,7.0,19801.65,3842,1927,1915,60.3
TRUMANSBURG CSD,91.0,0.0,20889.47,999,514,485,14.6
TUCKAHOE COMN SD,,,51082.72,253,121,132,74.3
TUCKAHOE UFSD,99.0,0.0,25010.58,1184,615,569,33.6
TULLY CSD,81.0,3.0,19646.46,737,391,346,6.5
TUPPER LAKE CSD,89.0,2.0,20549.25,712,365,347,6.0
TUXEDO UFSD,100.0,0.0,45079.45,222,111,111,35.6
UFSD-TARRYTOWNS,90.0,5.0,25569.87,2682,1355,1327,69.1
UNADILLA VALLEY CSD,84.0,3.0,22294.87,758,368,390,4.5
UNION SPRINGS CSD,94.0,0.0,18831.95,791,431,360,10.4
UNION-ENDICOTT CSD,88.0,5.0,18861.64,3569,1795,1774,32.1
UNIONDALE UFSD,78.0,11.0,24253.37,6748,3438,3310,98.5
UTICA CITY SD,73.0,13.0,15176.09,9738,4917,4821,70.9
VALHALLA UFSD,93.0,1.0,30131.68,1387,706,681,46.0
VALLEY CSD (MONTGOMERY),92.0,4.0,21709.36,4131,2073,2058,39.5
VALLEY STREAM 13 UFSD,,,21831.3,1963,1049,914,76.4
VALLEY STREAM 24 UFSD,,,23989.49,1097,560,537,82.2
VALLEY STREAM 30 UFSD,,,21680.41,1464,745,719,95.3
VALLEY STREAM CENTRAL SCHOOL DISTRICT,93.0,2.0,22335.67,4542,2315,2227,83.6
VAN HORNESVILLE-OWEN D YOUNG CSD,91.0,5.0,23917.91,181,85,96,3.3
VESTAL CSD,93.0,2.0,18422.74,3291,1695,1596,22.8
VICTOR CSD,95.0,2.0,13662.02,4272,2140,2132,17.4
VOORHEESVILLE CSD,96.0,2.0,17552.5,1180,581,599,10.0
WAINSCOTT COMN SD,,,28103.79,29,14,15,62.1
WALLKILL CSD,90.0,3.0,21761.44,2831,1482,1349,34.8
WALTON CSD,86.0,11.0,20436.21,866,433,433,4.4
WANTAGH UFSD,98.0,0.0,24819.0,2770,1397,1373,14.9
WAPPINGERS CSD,94.0,3.0,19359.75,10645,5511,5134,31.2
WARRENSBURG CSD,85.0,8.0,23590.05,662,352,310,6.3
WARSAW CSD,92.0,7.0,18447.56,820,390,430,8.4
WARWICK VALLEY CSD,95.0,1.0,18948.67,3569,1818,1751,25.2
WASHINGTONVILLE CSD,94.0,2.0,20640.42,3801,1904,1897,40.3
WATERFORD-HALFMOON UFSD,90.0,5.0,23921.21,752,385,367,10.0
WATERLOO CSD,90.0,4.0,20639.44,1538,784,754,12.5
WATERTOWN CITY SD,77.0,14.0,14799.55,3972,2061,1911,30.8
WATERVILLE CSD,93.0,0.0,19097.1,741,395,346,2.6
WATERVLIET CITY SD,88.0,7.0,13712.89,1296,697,599,54.3
WATKINS GLEN CSD,95.0,1.0,21000.88,983,508,475,8.6
WAVERLY CSD,90.0,8.0,17881.28,1442,713,729,4.9
WAYLAND-COHOCTON CSD,94.0,4.0,19889.88,1247,621,626,3.6
WAYNE CSD,92.0,4.0,18290.82,2127,1095,1032,6.9
WEBSTER CSD,95.0,1.0,17463.98,8151,4194,3957,17.3
WEEDSPORT CSD,96.0,2.0,21378.37,725,365,360,8.0
WELLS CSD,89.0,6.0,32101.51,135,83,52,3.0
WELLSVILLE CSD,82.0,6.0,19328.04,1077,527,550,5.6
WEST BABYLON UFSD,92.0,4.0,24688.51,3705,1867,1838,41.9
WEST CANADA VALLEY CSD,96.0,2.0,21996.67,650,306,344,4.0
WEST GENESEE CSD,95.0,0.0,16351.6,4483,2312,2171,14.1
WEST HEMPSTEAD UFSD,89.0,6.0,27633.69,1759,930,829,77.2
WEST IRONDEQUOIT CSD,93.0,2.0,17041.73,3620,1885,1735,29.8
WEST ISLIP UFSD,98.0,0.0,24902.21,4006,2097,1909,17.2
WEST SENECA CSD,91.0,4.0,16393.8,6214,3178,3036,15.0
WEST VALLEY CSD,79.0,14.0,36386.31,190,98,92,4.7
WESTBURY UFSD,84.0,11.0,24100.6,4979,2569,2410,98.0
WESTFIELD CSD,80.0,4.0,22096.84,632,308,324,9.3
WESTHAMPTON BEACH UFSD,93.0,3.0,25836.22,1820,950,870,35.7
WESTHILL CSD,96.0,3.0,17204.54,1778,841,937,16.4
WESTMORELAND CSD,95.0,0.0,20977.82,853,421,432,5.0
WHEATLAND-CHILI CSD,88.0,3.0,24615.3,636,305,331,30.2
WHEELERVILLE UFSD,,,25960.01,117,61,56,3.4
WHITE PLAINS CITY SD,91.0,3.0,27671.34,7069,3564,3505,78.1
WHITEHALL CSD,76.0,16.0,20970.97,703,346,357,2.8
WHITESBORO CSD,94.0,4.0,17518.67,3143,1602,1541,10.1
WHITESVILLE CSD,93.0,0.0,25735.4,179,90,89,2.8
WHITNEY POINT CSD,78.0,6.0,20246.09,1329,672,657,3.0
WILLIAM FLOYD UFSD,89.0,4.0,20200.92,8837,4514,4323,59.9
WILLIAMSON CSD,94.0,1.0,18664.46,984,512,472,18.9
WILLIAMSVILLE CSD,95.0,2.0,16128.34,9913,5014,4899,26.9
WILLSBORO CSD,80.0,5.0,29014.65,229,108,121,8.7
WILSON CSD,91.0,8.0,19651.21,1042,545,497,9.0
WINDHAM-ASHLAND-JEWETT CSD,95.0,5.0,30935.23,291,155,136,15.5
WINDSOR CSD,92.0,4.0,20400.27,1528,778,750,9.0
WORCESTER CSD,100.0,0.0,22629.71,320,149,171,2.5
WYANDANCH UFSD,56.0,17.0,21454.95,2700,1381,1319,99.0
WYNANTSKILL UFSD,,,17164.28,376,187,189,11.2
WYOMING CSD,,,28167.77,128,70,58,2.3
YONKERS CITY SD,91.0,3.0,18820.45,24633,12524,12109,84.5
YORK CSD,97.0,2.0,19869.81,688,377,311,5.4
YORKSHIRE-PIONEER CSD,89.0,6.0,17445.73,2307,1196,1111,5.0
YORKTOWN CSD,97.0,1.0,24424.21,3401,1775,1626,27.8
